,Room
0,@TheRoomDenny: thanks! You can follow the podcast @RememberThisPod
1,"@DavyRothbart @30for30 @djessemoss: I've seen The Overnighters, it's totally great. Also Room 237 and @AdamCurtisBlog's It Felt Like a Kiss!"
2,"Hollywood's Diversity Problem Begins In The Writing Room, New Study Shows - Forbes https://t.co/hTLYi6le6m"
3,"2016 Oscar Noms Announced; 'Brooklyn,' 'Room,' 'Mad Max: Fury Road' to Compete For Best Picture https://t.co/MRfEhC1gyB"
4,"RT @EDonoghueWriter: 4 #OscarNoms for #RoomtheMovie, Best Picture, Best Director, Best Lead Actress, Best Adapted Screenplay, hard to type ‚Ä¶"
5,"2016 Oscar Noms Announced; ""Brooklyn,"" ""Room,"" ""Mad Max: Fury Road"" to Compete For Best‚Ä¶ https://t.co/lMTjTDkP8s https://t.co/i0F20beTYp"
6,"2016 Oscar Noms Announced; ""Brooklyn,"" ""Room,"" ""Mad Max: Fury Road"" to Compete For Best‚Ä¶ https://t.co/P6ZN3rQUQJ https://t.co/p9KKJsSZ5v"
7,"@PhyllisNagy - Carol and 
Emma Donoghue - Room are nominated for best adapted screenplay. #Oscars2016"
8,"So happy that Brooklyn, Mad Max and Room got recognized for best picture, but gutted that Carol was left out. #Oscars2016"
9,Quote of the Day: 'American Crime' Writer Julie H√©bert on Why Diversity in the Writers Room Matters https://t.co/wmJnXtI8A7
10,Phyllis Nagy (Carol) and Emma Donoghue (Room) nominated for best adapted screenplay. #BAFTA2016
11,Emma Donoghue is the only woman nominated for a scripter award for feature film for the novel and screenplay of Room. No Carol.
12,Quote of the Day: 'American Crime' Writer Julie H√©bert on Why Diversity in the Writers Room‚Ä¶ https://t.co/TC9zCJwPOx https://t.co/XG9QQH2Srq
13,Writers-In-Contention: Room‚Äôs Emma Donoghue on Her Screenwriting Debut | The Mary Sue https://t.co/U6hbm7p2o3
14,"RT @latimesent: Author Emma Donoghue thrilled by Golden Globe nomination for ""Room"" https://t.co/rFLjRnXmn0 https://t.co/tdCgQkUqbe"
15,"Emma Donoghue, Room was nominated for best screenplay. #GoldenGlobes"
16,"Movies about women dominate both the film drama and comedy categories- Carol, Mad Max: Fury Road, Room, Joy, Spy, Trainwreck"
17,‚ÄòJust Get Us in the Room‚Äô: Our Favorite Quotations From the Women of Hollywood - The New York Times https://t.co/qT6SyKyQrM
18,"Box Office: Room- cumulative: $1,450,000; Truth - cumulative $1,975,000"
19,"Women Onscreen: Room was now grossed $766,702. Grandma has now grossed $6,744,311. Freeheld has now grossed $496,696."
20,RT @92YOnDemand: Watch @brielarson talk about her acclaimed performance in @RoomTheMovie. https://t.co/fuZ8pwBZqC https://t.co/EnXyKQVb4R
21,"Room, starring Brie Larson held solid, grossing $254,357 in 23 theaters, giving it an $11,059 average."
22,Watch What Happens When TV Writers' Rooms are All White | Indiewire https://t.co/VyW60oAHCZ
23,Room wins another audience award. This time @millvalleyff. https://t.co/EVr7LJAejS
24,'Green Room' Red Band Trailer: This is the Punks Versus Neo-Nazis Thriller You're ... https://t.co/QKoxWd0cmj https://t.co/zyMb3RZVES
25,Brie Larson proves a popular choice as Best Actress for Room. No argument here.
26,RT @ARRAYNow: #RollCall Who's in the Room #ArraySoiree @ChazEbert https://t.co/eZ8jYth4TA
27,"RT @ChazEbert: @BWDR Bright Wall/Dark Room's Jan 2016 issue, best of articles including #ExMachina: https://t.co/rtnsQqxYJ1 https://t.co/Iy‚Ä¶"
28,RT @ChazEbert: @BrieLarson vividly tells @Brian_Tallerico of prep for her amazing perf in #Room. https://t.co/sMJXUlMa2f https://t.co/NUWx8‚Ä¶
29,RT @ChazEbert: Read @SusanWloszczyna's 3 1/2 star review of #Room  w/ @BrieLarson and Jacob Tremblay: http://t.co/sommm4YAKx http://t.co/2f‚Ä¶
30,"RT @ChazEbert: Over 40 movie reviews from #TIFF15 including #Room, #BlackMass, #BornToBeBlue, etc: http://t.co/sRjpZe0kkk http://t.co/8D5Do‚Ä¶"
31,RT @ChazEbert: @BrieLarson won #Imdb.com Starmeter award at #TIFF15 w Col Needham &amp; @LennyAbrahamson director of #Room http://t.co/WWp3iDcN‚Ä¶
32,"RT @IMDb: Congratulations, Brie! #Room star @brielarson receives #IMDb's 2015 STARmeter Award #TIFF http://t.co/T9FjwEhwYf http://t.co/MFDE‚Ä¶"
33,RT @ChazEbert: Amazing @BrieLarson and @jacobtremblay01 in @lennyabrahamson's #Room #TellurideFilmFestival: http://t.co/tHuh6X9X67 http://t‚Ä¶
34,"RT @ChazEbert: Use #diversity if you have questions for our panel at SXSW @sxsw this morning. #Diversity panel in Convention Center, Room 1‚Ä¶"
35,"RT @christylemire: Got a fun, spiriited debate about the power of prayer going in the comments section of my #WarRoomMovie review: http://t‚Ä¶"
36,"RT @MRechtshaffen: If war is hell, then enduring the painfully preachy, heavily faith-based ""War Room"" is heck.  My L.A. Times review: http‚Ä¶"
37,"Sad news re: Aidikoff Screening Room: http://t.co/tYTpzbA2T7 But if you stand in line for bathroom there, you're doing something wrong."
38,The Wilshire Screening Room bathroom key's walking stick/bow staff has reached comic lengths.
39,"RT @mtgilchrist: ""The First Cut Was Four Hours"" ‚Äì Inside the ‚ÄòAnchorman 2‚Ä≤ Editing Room With Director Adam McKay http://t.co/3xFKlMGw3X @sc‚Ä¶"
40,"This year, @LeonardMaltin is a @Comic_Con special guest, and will sit for interview w/friend Mark Evanier: Saturday July 20, 6-7pm, Room 5AB"
41,Congrats to Best Actress @brielarson! She really knows how to work a #Room. #CriticsChoice https://t.co/TAMBfLx86O
42,@RoomTheMovie's @brielarson &amp; @transparent_tv's @jeffreytambor made the best movie &amp; TV moms. #CriticsChoice https://t.co/3sTE8i4qSV
43,3. Room (Lenny Abrahamson) https://t.co/yAvNE00UJ8 #Top50of2015 https://t.co/Y2XdeO7ACY
44,16. Green Room (Jeremy Saunier) https://t.co/yAvNE00UJ8 #Top50of2015 https://t.co/I3PyoYDlym
45,"RT @filmfest_ca: Review of #telluride / #Tiff15 gem @RoomTheMovie, directed by @lennyabrahamson w/ exceptional showing by @brielarson http:‚Ä¶"
46,RT @brielarson: To the critics and patrons who shared their love of #RoomTheMovie on the Internet and to me in person: THANK YOU. I'm moved‚Ä¶
47,RT @ReinaaRoyale: usatodaylife Officially the cutest star on the red carpet so far. #TheRoom #GoldenGlobes  https://t.co/NSHlPNzesW
48,Telluride: Make 'Room' on Oscar Shortlists for Brie Larson ‚Äî and 8-Year-Old Jacob Tremblay http://t.co/gkLZZulCA0 via @thr
49,Full Red Band Trailer for Jeremy Saulnier's Punk Thriller 'Green Room' https://t.co/Q5EaTZ17hb @A24 https://t.co/e8vMrfUxnM
50,RT @SAGawards: .@BrieLarson receives the SAG Award for Female Actor in a Leading Role! @RoomTheMovie #RoomMovie #sagawardsüé≠ https://t.co/rU‚Ä¶
51,Not the biggest fan of the film... But this intl. poster for Best Picture nominee Room is the best one yet. @A24 https://t.co/kbCCDhVLs1
52,@SatyaLoquacious Different tastes. Sicario is #7! The Big Short was awesome. Spotlight is great. Room and Carol are overrated IMHO.
53,"New UK poster for #Sundance2016 film Green Room, directed by Jeremy Saulnier. Played TIFF, plays Sundance Jan 25 https://t.co/TprImHj77j"
54,"RT @christinalefou: The Revenant, Room, + Creed are all released today. If you're not at the movies this weekend, what are you even doing?"
55,"Green Room lived up to the hype! So badass. Much more low key than I was expecting, but more polished than Blue Ruin. Recommended."
56,First Teaser Trailer for Jeremy Saulnier's Violent Thriller 'Green Room' https://t.co/Mjb1ZexALY https://t.co/fNvfCBIFUp
57,"RT @NadiaNeophytou: 8 films up for Best Pic - The Big Short, Bridge of Spies, Brooklyn, Mad Max: Fury Road, The Martian, The Revenant, Room‚Ä¶"
58,RT @EDouglasWW: So that's eight BP nominations: no Straight Outta Compton or Carol and no Ridley Scott but Lenny Abrahamson for Room (well-‚Ä¶
59,"Big year for @a24 with Room racking up lots of noms including Best Picture, not to mention Ex Machina and Amy. Congrats! #OscarNoms"
60,"RT @XanBrooks: Three Oscar heavyweights on this week's film show - &amp; that's just the critics (Also includes Revenant, Room &amp; Creed) https:/‚Ä¶"
61,My review of Room (dir. Lenny Abrahamson) is up here: https://t.co/QNnzqLMPRz
62,My review of Room (dir. Lenny Abrahamson) is up here: https://t.co/QNnzqLMPRz
63,"My review of The Forbidden Room (dirs. Guy Maddin, Evan Johnson) is up here: https://t.co/eNpByPXOuR"
64,Those with lower than third billing have restricted access to Green Room snacks so Steven's only getting crisps https://t.co/JarLH2uXao
65,"Three Oscar heavyweights on this week's film show - &amp; that's just the critics (Also includes Revenant, Room &amp; Creed) https://t.co/kZ2mt3La14"
66,"Carol shut out, Room let in. Swings &amp; roundabouts. https://t.co/zo7Nxxcisk"
67,"At risk of jumping the gun, I'm picking Room as a Favourite Film of 2016. Here's an i/v with author Emma Donoghue https://t.co/6NcFlH8Aej"
68,"@baloobas1 Yes, guess they're going on US release dates. By that reckoning, am expecting Keeping Room, Felt &amp; The Boy in UK around 2018."
69,"Loved Lenny Abrahamson's Room, a film of dark beauty born out of such horror. Potent acting &amp; handling blows the doors &amp; roof off."
70,@lennyabrahamson @DonaldClarke63 @RoomTheMovie Well done Lenny. Am delighted.
71,"Cannes diary day three, featuring Captives, The Blue Room and the hand of a ghost http://t.co/vhZp8uD8bd"
72,"RT @MarkHarrisNYC: ...AND just like that, the Producers Guild of America omits Carol and Room from its ten nominees. Bad call, guys (and I ‚Ä¶"
73,RT @MarkHarrisNYC: Room destroyed me. Respectfully disagree w/ NYT; I found the 2nd half as strong &amp; innovative as the 1st. Stunningly shot‚Ä¶
74,RT @jenelleriley: @RoomTheMovie opens in NY/LA today. It's my favorite film of the year so far. So you should go.
75,RT @christylemire: Psyched to be on @AirTalk's FilmWeek w/the great @JustinCChang and @LarryMantle. #BridgeOfSpies #RoomMovie #CrimsonPeak ‚Ä¶
76,"Room beats Carol, Force Majeure, Girlhood and Son of Saul."
77,Best international independent film goes to Room. Awards momentum train passing through... #BIFAs
78,"Edinburgh 2015: Stewart Lee, A Room with a Stew, Assembly Rooms, review | via @telegraph http://t.co/DMsCnPBkdJ"
79,About to literally take a 2-hour nap on the floor of the Sunset Screening Room (I have nowhere else to go) while they re-download the DCP.
80,"Oh hey, I'm checking out the new bar in Bedford-Stuyvesant that looks kind of like the Red Room in‚Ä¶ https://t.co/HhhI5gfBjJ"
81,RT @brockwilbur: We Took A Group Of Former Convicts To An Escape Room Game; What Happens Next Is Mean-Spirited At Best
82,"Green Room goes wide the same day that Keanu opens, potentially making for the Greatest Double Feature of All Time."
83,"2016 releases I can recommend: The Brand New Testament, Demon, Green Room, High-Rise, The Invitation, Krisha, The Lobster, The Witch."
84,@jowrotethis How is Four Rooms not at the bottom? Of the Internet?
85,@BrianUdovich But I thought Brie Larson was going to be our new Sigourney? (At least I did after watching Room.)
86,@jhoffman @jpraup #TeamKrisha #TeamGreenRoom
87,"Room, x2: a really fun watch with people who don't even know what the premise is."
88,My pitch for Room did not work AT ALL.
89,"@kristapley @mtgilchrist FWIW, we were told to expect Tour/Amy/Room before Thanksgiving, Machina/Grind/Young/West after."
90,"RT @griersonleitch: REVIEW: ""Room."" Brie Larson shines in this drama about a kidnapped mother whose real ordeal begins once she's freed. ht‚Ä¶"
91,#Cannes Press Room. There will be boos. http://t.co/9KjrXrqthD
92,Room with a view. #houseoflies http://t.co/gChXEuWQEF
93,RT @AnaMAuthor: #TheRavenRoom #blogTour starts tomorrow!! Check it out: https://t.co/Uk0QHr4qKr @TLCBookTours #books #NewReleases #bookblog‚Ä¶
94,Fall breakthroughs Laia Costa (Victoria) Jacob Tremblay (Room) Geza Rohrig (Son of Saul) Tessa Farmiga (Final Girls) http://t.co/9N4ad5K7eV
95,"Jeremy Saulnier's Green Room was lean, mean, and viciously effective.  #cannes2015"
96,RT @PowderRoomFilms: Classic mix of profound and funny@LeslyeHeadland - looking forward to the film! @loganhill33 @TimesTalks  #Sundance ht‚Ä¶
97,Both @RoomTheMovie and @ExMachinaMovie from @A24 landed on our Best Films of 2015 list! https://t.co/KdhsBCLtwi https://t.co/JHKkv3oVLg
98,.@brielarson has never been better than in the life-affirming @RoomTheMovie Review: https://t.co/NKex48XLTj https://t.co/8Nh7owdvuo
99,We talk to @lennyabrahamson about @brielarson &amp; the IDEAL way to watch @RoomTheMovie https://t.co/ol4JmKNpcQ https://t.co/0bQu8IJW6s
100,LE CHAMBRE BLEU (Blue Room) from French actor/director M. Amalric starts off with some conviction but drags itself into insufferable boredom
101,RT @DemionFilm: Alas! My first #NYFF Academy piece for @IWCriticwire on dream logic in The Forbidden Room &amp; Cemetery of Splendour http://t.‚Ä¶
102,RT @BoneyAbroad: Glad to see @JamesFrancoTV has joined the party! The Keeping Room is brilliant. My words http://t.co/V5j3nlJpKI https://t.‚Ä¶
103,"RT @SirPatStew: Last week my movie Green Room screened at #tiff. It is very, very scary. Nothing in it is more terrifying than the last 3 h‚Ä¶"
104,@Bloatfly @A24 @RoomTheMovie @brielarson @iamjaketremblay as a huge fan of ST12 I beg to differ. A familiar face can still reveal new sides.
105,RT @IWCriticwire: Give Bright Wall Dark Room (@BWDR) some money. You‚Äôll feel good about it. http://t.co/PNcALZKLfN
106,RT @scott_tobias: Back row. Aisle seat. Lake Street Screening Room. #RIP http://t.co/UZow5jFLDF
107,@kristapley Used to enjoy goofing on VHS crap in the '80s but The Room eludes me. So do intentionally bad flicks like Hobo with a Shotgun
108,RT @LostInTheMovies: Journey Through Twin Peaks: Greenhouses &amp; Red-Curtained Rooms (ch. 7: ep. 9-12) https://t.co/isCo1Cu0KG #TwinPeaks
109,I like to think this place is called The Rumpus Room. Just because. #TCMParty #PointBreak
110,"@lennyabrahamson Lenny! Great to hear from you. All good here on the Lido, though I do wish you'd brought Room here... You must be thrilled"
111,Mandarins In The Press Room: My Festival Life by Jessica Kiang
112,2016 Sundance Film Fest Predictions: Jeremy Saulnier's Green Room - Blue Ruin was in the Spotlight section @A24 https://t.co/pWdexdmzxW
113,"Room: ""Abrahamson presents a graciously well-made and gratifying film"" @A24 http://t.co/K1PytPRrKj"
114,"‚òÖ‚òÖ‚òÖ‚òÖ Guy Maddin's The Forbidden Room: ""a masterful, operatic delight of strangeness"" Via @KinoLorber http://t.co/AjjRDdx35R"
115,"In the Room: ""Gothong Tan does an excellent job of indicating changes in period &amp; mood via lighting &amp; framing"" http://t.co/wSAnJGid7n"
116,Jordan's @Rectangular_Eye video interview w/ The Keeping Room's Daniel Barber - via: @drafthousefilms this wkend http://t.co/i29JmAcjsH
117,"The Keeping Room: ""meekly elegiac in tone as it teases notions of female agency"" http://t.co/zzbsyw3ag9"
118,"Room: ""dark psychological undercurrents w/ characters forced to undergo drastically juxtaposing realities"" @A24 http://t.co/K1PytPRrKj"
119,"Congrats! @evgeny_director @RoomTheMovie: Abrahamson's ""Room"" Steals ""Spotlight"" with People's Choice Award http://t.co/idTmlsUZ5Q"
120,"Green Room: ""..intelligently written &amp; featuring a cast of notable young talents showcasing surprising prowess."" http://t.co/l3Z9jKNDef"
121,"RT @Rectangular_Eye: Green Room:
A fittingly tense &amp; gruesome nazi-punk thriller following Blue Ruin. Saulnier continues to impress w/ grea‚Ä¶"
122,"A24 Embrace Punk Attitude: Saulnier's ""Green Room"" Finds A Club - Congrats @saulnier_jeremy! http://t.co/je7M9dxlNx"
123,... Room: w/ @brielarson (Short Term 12!) receives limited theatrical release Oct. 16 followed by rollout on Nov. 6th http://t.co/xUANb5rspP
124,New stuff #TIFF15 ranking: 1. Room 2. Where to Invade Next 3. Anomalisa 4.Beasts of No Nation 5. Sunset Song 6.The Danish Girl 7. Trumbo EL
125,"2015 Directors' Fortnight: Saulnier's Green Room &amp; Bidegain's Les Cowboys Among ""Dope"" Selections http://t.co/JaEIZXi4pl"
126,The Elephant in the Room: Interview with El√©phant ClassiQ's G√©rald Duchaussoy http://t.co/iYbfakX6qM
127,"‚òÖ‚òÖ‚òÖ‚òÖ Guy Maddin's ""The Forbidden Room plays like Kafka through a kaleidoscope"" http://t.co/8kN8G3TU2v"
128,Sundance ‚Äô15: Guy Maddin's The Forbidden Room Leads New Frontier Offerings http://t.co/NFk11crgau
129,"Sundance Prediction #13. Not sure where it is in post-prod, but 28 Hotel Rooms helmer could make it 3 for 3. http://t.co/t6Fkh0H4JO"
130,"#TIFF14 Pick #8: Daniel Barber‚Äôs civil war thriller The Keeping Room, starring @britmarling. http://t.co/7erQR3e8pC"
131,"RT @mariejoelle: America's Most Expensive Hotel Room Costs $45,000 A Night ‚Äî And It's Non-Negotiable http://t.co/HlE34rOnzZ"
132,"The Maid's Room | Review http://t.co/VxI7LaymPH -- a ""mixed bag of interesting ideas lost in a sea of underdevelopment"""
133,"@ZeitchikLAT Yeah, I was on the brink of dropping Room, but think there might just be enough passion votes for it."
134,"BEST PICTURE 
The Big Short 
Bridge of Spies
Brooklyn
Carol
Mad Max: Fury Road
The Martian
The Revenant
Room
Spotlight

(if 10: Inside Out)"
135,"BEST ACTRESS
Cate Blanchett, Carol
Brie Larson, Room
Charlotte Rampling, 45 Years
Saoirse Ronan, Brooklyn
Alicia Vikander, The Danish Girl"
136,"BEST SUPPORTING ACTRESS
Joan Allen, Room
Rooney Mara, Carol
Alicia Vikander, Ex Machina
Julie Walters, Brooklyn
Kate Winslet, Steve Jobs"
137,"BEST ADAPTED SCREENPLAY
Anomalisa
The Big Short
Brooklyn
Carol  
Room"
138,@CasparSalmon @SiRenshaw I retract my earlier statement. I want to know what Cliff Richard made of Room.
139,"@kristapley Yeah, I'm quite surprised Room missed. Design shifts and spatial relationships are so integral to story there."
140,"@nathanielr Room's eligibility feels more tenuous, unless they define ""American"" as ""North American""."
141,"Best Film: Amy, Carol, 45 Years, Inside Out, Look of Silence, Mad Max: Fury Road, The Martian, The Revenant, Room, Spotlight. @londoncritics"
142,"@mike_hogan Not voting for a film doesn't equal turning your nose up at it! I like Room a lot but there wasn't, uh, room for it in my top 5."
143,RT @jwoodfilm: Room @TIFF_NET shows what an incredibly versatile director Lenny Abrahamson is.
144,"my faves at #TIFF15 Room, High Rise, Land of Mine, Brooklyn, Sunset Song"
145,"Room gave me goosebumps. Brie Larson, Joan Allen and young Jacob Tremblay were all just perfect. #TIFF15"
146,Room is finally totally unpacked...
147,"RT @jfdulac: POTUS and FLOTUS dance as Earth, Wind &amp; Fire performs in the East Room on Feb. 22, 2009. (Photo by @petesouza) https://t.co/Gr‚Ä¶"
148,"RT @SlateCultFest: New episode with guest host @Wesley_Morris! On The People v. O.J. Simpson, @RoomTheMovie, and @rihanna‚Äôs #ANTI: https://‚Ä¶"
149,RT @Variety: 'Room': Creating a whole world in a 10-foot space https://t.co/fNlDM3N6Jp https://t.co/PTJ2ivNMK9
150,RT @SlateCultFest: .@magiciansbook endorses The Lost Room: https://t.co/PgHi5QhpbB
151,"In Room, Brie Larson &amp; Jacob Tremblay prove that two people in four walls can create a world worth surviving for. http://t.co/JczFHuibqT"
152,Home from back-to-back screenings of Room &amp; The Martian. That's a lot of consecutive hours of people surviving in impossible circumstances.
153,"Inside Hollywood Part I: How they filmed the amazing ""Room"" in that little tiny space.https://t.co/aoAaxuLp62"
154,"""Room"" had the kind of overwhelming impact on me I didn't expect. My review explains why: http://t.co/Rnp5JqH9zb"
155,"""Room"" shaping up to be one of the most talked-about films of the fall. @ThatRebecca tells us why. http://t.co/zUOLzvMYQz"
156,"While the system lusts for big tent blockbusters, movies for specific audiences like ""War Room"" and even ""Straight Outta Compton"" rake it in"
157,@bombaylychee Room for both. Also https://t.co/a7410N5Kq5
158,"RT @A24: .@RoomTheMovie, not to be confused with the worst movie ever made, @TheRoomMovie. https://t.co/tJkntcBodJ"
159,RT @EW: Watching #RoomMovie will be an experience you won't forget. Our @ChrisNashawaty reviews: http://t.co/tu0udO7tlo http://t.co/XpoapQK‚Ä¶
160,RT @EW: #Room wows #TIFF15 and gains awards momentum: http://t.co/8faOkIZdne http://t.co/ZoPpFTMVBP
161,RT @JeffLabrecque: Is Room's Jacob Tremblay this year's Quvenzhan√© Wallis? http://t.co/BKGkG9GkA2 @RoomTheMovie #TIFF15
162,Mathieu Amalric's The Blue Room has a frowning sense of right and wrong and never loses its grip http://t.co/W1KOtSvoau
163,My top ten new films of 2015 were: 10 Chevalier 9 El Club 8 The Forbidden Room 7 The Academy of Muses 6 One Floor Below 5 45 Years &gt;
164,"@VIFFSTER You mean it‚Äôs as emotionally affecting as Umbrellas, Demoiselles and A Room in Town? This is surely a surprise?"
165,"#Cannes2015 Nanni Moretti‚Äôs MIA MADRE is surely his finest since The Son‚Äôs Room. Again beautifully understated, and with very funny Turturro"
166,My favourite films of 2014 have been: 10 Of Men and War 9 The Owners 8 The Great Museum 7 Foxcatcher 6 Leviathan 5 Maidan 4 The Blue Room &amp;
167,RT @muirkate: A plaque for Philip French is to go on his favourite front row seat in the Soho Screening Rooms from @londoncritics
168,Room #londoncritics
169,Actress of the Year - Cate Blanchett - Carol; Brie Larson - Room; Rooney Mara - Carol...
170,Emma Donoghue - Room; Nick Hornby - Brooklyn; Phyllis Nagy - Carol; Josh Singer &amp; Tom McCarthy - Spotlight; Aaron Sorkin - Steve Jobs
171,Tom Browne - Radiator; Mark Burton &amp; Richard Starzak - Shaun the Sheep Movie; Emma Donoghue - Room...
172,Forbidden Rooms: Director Guy Maddin Interviewed @thequietus https://t.co/kWpfMCJNeM
173,"""iconoclastic cinema with plenty of the sacred and the profane to be passed around"" The Forbidden Room reviewed https://t.co/IaWu1xQiid"
174,"""a strange and ever entertaining witches brew of b-movies"" The Forbidden Room reviewed https://t.co/IaWu1xQiid"
175,"""a revelation of frame painted Freudiana, fetishes, ephemera and folly."" Guy Maddin's The Forbidden Room reviewed https://t.co/IaWu1xQiid"
176,"I think I just cried more at a film than I've ever done before. 
The name of the film? 
Room."
177,"@Scalarama The Ascent (Shepitko),Brief Encounters (Muratova),House is Black (Forough),Ravenous (Bird),Apple (Makhmalbaf),3 Rooms (Honkasalo)"
178,"Wonderful words with @GuyMaddin and Evan Johnson about ""Seances"" and ""The Forbidden Room."" https://t.co/0JN9nLsSME"
179,"Enter ""The Forbidden Room"" or else.
https://t.co/MbzawA1Ts1"
180,Gary Le Strange - All I Ever Do (Is Sit In My Room) https://t.co/SghNJciEzv via @YouTube
181,RT @TheFilmStage: Calling all Claire Denis fans. Watch Tindersticks‚Äô new visual album ‚ÄòThe Waiting Room‚Äô https://t.co/zLh104RCks https://t.‚Ä¶
182,"""This film is nutballs."" Vince goes into The Forbidden Room... https://t.co/WPKaspcJBy"
183,Guy Maddin‚Äôs The Forbidden Room is a hilarious nesting doll of lost cinema http://t.co/j4VEdp2znU via @TheAVClub
184,RT @Variety: Film Review: ‚ÄòThe Forbidden Room‚Äô http://t.co/KabHSZiFqg
185,"RT @BumbleWard: ""Room"" is kinda wonderful. Don't remember experiencing that level of emotion in a movie. Riveted."
186,RT @415Matty: The crazy genius of #GuyMaddin #TheForbiddenRoom https://t.co/8fdUIawCtf
187,EXCLUSIVE: Jeremy Saulnier's Green Room secures France deal: https://t.co/9LWVyzytXp
188,"Chevalier, The Witch, Sherpa among LFF winners | Greek comedy beats out Room, Son of Saul, Beasts of No Nation: http://t.co/UFL2Ffn37J"
189,"EXCLUSIVE: Andrew Scott, Ciaran Hinds wrap Sam Yates' Hope Rooms for Bill Kenwright Films ahead of feature push: http://t.co/ct08PEzglv"
190,"EXCLUSIVE: Jeremy Saulnier's TIFF Midnight Madness thriller Green Room is heading to Germany, Australia, more: http://t.co/koCryeKCgh"
191,"@JaneCWoods @TheWomensRoomUK @CherylMorgan wasn't there vague talk of Jennifer Saunders as a contender, years back?"
192,‚ÄòAnyone who dares to act this crazy must be crazy.‚Äô White Room
193,Room https://t.co/HZdvGGEr1X https://t.co/3eGuAIqWsx
194,"@CigaretteBurns_ try the much better novel, Harry Harrison's Make Room! Make Room!"
195,RT @UkNatArchives: Gladstone's original budget box retired in 2010 &amp; is now displayed at #ChurchillWarRooms #budget2015 #summerbudget http:‚Ä¶
196,"@BoringSummerHol @BBCRadio3 Room? Yes, very powerful."
197,"RT @BBCRadio3: New film -  #Room - and the thoughts of JJ Rousseau: #SoundOfCinema &amp; @DrMatthewSweet  at 3.
https://t.co/L7y1GQXaAx https:/‚Ä¶"
198,"Tonight's @BBCFreeThinking has @lennyabrahamson on Rousseau &amp; Room; Stephen Woolley on Alan Rickman, Christopher Frayling on The Revenant."
199,RT @BFI: .@SightSoundmag track the origins of Guy Maddin's The Forbidden Room after it packed BFI Imax http://t.co/JkF0x7HZIw http://t.co/l‚Ä¶
200,RT @badlandsfilm: Subscribe to @SightSoundmag and you can win tickets to the #LFF IMAX gala screening of Guy Maddin's Forbidden Room http:/‚Ä¶
201,"@AnneBillson Duke Of Burgundy, Mad Max, World Of Tomorrow, Forbidden Room, Aaaaaaaah!, Hard To Be A God, It Follows."
202,"Fave 2015 movies: Duke Of Burgundy, Mad Max, World Of Tomorrow, Forbidden Room, Aaaaaaaah!, Hard To Be A God, It Follows. That's about it."
203,"Bit cheesed off at having to watch Guy Maddin's incredible The Forbidden Room streamed, this needs a huge screen: https://t.co/oCYVLh4rzm"
204,Sad I missed The Keeping Room.. But maybe next we can get a film about women who masked their gender and fought in wars? *fingerscrossed*
205,Room is out today. I loved it.
206,".@brielarson should have been nominated for Short Term 12. That said, she's terrific in Room. And so is Jacob Tremblay who wasn't nominated."
207,"Great to see the Room love, too."
208,RT @carl_kohler: Rooms by the Sea by Edward Hopper http://t.co/rH4AK8jm8Y #Hopper #art http://t.co/Zbd6ken2XT
209,@compboy1972 I  find it hard to recommend much right now! Creed and Room and that's about it.
210,Currently sitting in a room. Then off to sit in another room to watch Room. #Room
211,Room 237: Sundance Film Review http://t.co/6XMCBv1y
212,Please don‚Äôt let the hype the film is generating build you up for a letdown: see 'Room' https://t.co/GpSkTDImLG #Room @brielarson
213,RT @FoxHomeEnt: Remember Rocky &amp; Bullwinkle?! Come jog your memory at the panel today at 11:30 in Room 8 with @LeonardMaltin! #SDCC #MrPeab‚Ä¶
214,RT @GOTTSCHALK82: @KermodeMovie I once interviewed The Charlatans and they said they used to listen to The Pink Room before heading out on ‚Ä¶
215,"RT @wittertainment: Mark's top 5:

1. Room
2. Rams (NEW)
3. The Assassin
4. Trumbo (NEW)
5. Spotlight"
216,"RT @baked_goodness: @KermodeMovie @simonmayo where the ET audition video failed, watching Room on a plane succeeded. I am stone hearted no ‚Ä¶"
217,RT @steveevets26: @KermodeMovie got to say after your review of Room. I gave it a go It stayed with me for days. Amazingly moving and haunt‚Ä¶
218,RT @TheSusanGeorge: Flawless as you said @KermodeMovie saw Room last night heartbreaking story told with honesty and brilliance by all. A m‚Ä¶
219,"RT @picadorbooks: 'Heartbreaking, life-affirming... brilliantly directed'

5*s for #Room from @KermodeMovie: https://t.co/tQ2UcjKdeH https:‚Ä¶"
220,RT @ObsNewReview: A rare ‚òÖ‚òÖ‚òÖ‚òÖ‚òÖ from @KermodeMovie for @lennyabrahamson's unexpectedly life-affirming Room https://t.co/mpvTM0dNTV https://t‚Ä¶
221,@TheSusanGeorge Happy New Year Susan! (And Room really IS that good ..)
222,"RT @MaxRenn: @KermodeMovie I keep telling people Room sounds like a movie that will ruin your day, but it really doesn't. Loved it"
223,"RT @wittertainment: Mark's top 5 films in UK cinemas: 

1. Room
2. Room
3. Room
4. The Revenant
5. Room"
224,"RT @wittertainment: Fancy a podcast with @LeoDiCaprio, @lennyabrahamson, @RevenantMovie, @RoomTheMovie &amp; @creedmovie? You're in luck: https‚Ä¶"
225,"RT @MarkHarrisNYC: ...AND just like that, the Producers Guild of America omits Carol and Room from its ten nominees. Bad call, guys (and I ‚Ä¶"
226,RT @MarkHarrisNYC: Room destroyed me. Respectfully disagree w/ NYT; I found the 2nd half as strong &amp; innovative as the 1st. Stunningly shot‚Ä¶
227,RT @jenelleriley: @RoomTheMovie opens in NY/LA today. It's my favorite film of the year so far. So you should go.
228,RT @christylemire: Psyched to be on @AirTalk's FilmWeek w/the great @JustinCChang and @LarryMantle. #BridgeOfSpies #RoomMovie #CrimsonPeak ‚Ä¶
229,"RT @usatodaylife: Your 2016 Best Picture nominees:
The Martian
The Revenant
Room
Spotlight
The Big Short
Bridge of Spies
Brooklyn
Mad Max
#‚Ä¶"
230,Best Picture nods ranked: Spotlight &gt; Room &gt; Brooklyn &gt; Bridge of Spies &gt; Fury Road &gt; The Big Short &gt; The Revenant &gt; The Martian. #OscarNoms
231,"@DirRobSavage Saul, Club, Carol, Dinosaur, Assassin, Syrian, Spotlight, Room and Lobster."
232,@drjonty @BRNicholson Room won Toronto. Taxi won Berlin.
233,"Time to play a round of 'What Is Dan Watching Tonight': Amy, The Forbidden Room, The Pearl Button, The Russian Woodpecker or Taxi Tehran?"
234,"@Cinemartyn @iFlicks + The Club, Neon Bull, Evolution, Son of Saul (obvz) and Room."
235,"Room: Lenny Abrahamson brings his A game to this oddly uplifting, sensorial abduction drama. This year's dark horse come silly season?"
236,Tonight's film: Lenny Abrahamson's Room.
237,@PatrickJGamble @BRNicholson Green Room (midway point)...
238,The Room to win the Oscars.
239,"Serious, though, Love 3D is Terry Richardson's The Room."
240,"The Blue Room: TV-style crime drama based on Georges Simenon, not bad but not what you'd expect in Un Certain Regard PJ #Cannes2014"
241,RT @ARRAYNow: #RollCall Who's in the Room #ArraySoiree @ChazEbert https://t.co/eZ8jYth4TA
242,"RT @ChazEbert: @BWDR Bright Wall/Dark Room's Jan 2016 issue, best of articles including #ExMachina: https://t.co/rtnsQqxYJ1 https://t.co/Iy‚Ä¶"
243,RT @ChazEbert: @BrieLarson vividly tells @Brian_Tallerico of prep for her amazing perf in #Room. https://t.co/sMJXUlMa2f https://t.co/NUWx8‚Ä¶
244,RT @ChazEbert: Read @SusanWloszczyna's 3 1/2 star review of #Room  w/ @BrieLarson and Jacob Tremblay: http://t.co/sommm4YAKx http://t.co/2f‚Ä¶
245,"RT @ChazEbert: Over 40 movie reviews from #TIFF15 including #Room, #BlackMass, #BornToBeBlue, etc: http://t.co/sRjpZe0kkk http://t.co/8D5Do‚Ä¶"
246,RT @ChazEbert: @BrieLarson won #Imdb.com Starmeter award at #TIFF15 w Col Needham &amp; @LennyAbrahamson director of #Room http://t.co/WWp3iDcN‚Ä¶
247,"RT @IMDb: Congratulations, Brie! #Room star @brielarson receives #IMDb's 2015 STARmeter Award #TIFF http://t.co/T9FjwEhwYf http://t.co/MFDE‚Ä¶"
248,RT @ChazEbert: Amazing @BrieLarson and @jacobtremblay01 in @lennyabrahamson's #Room #TellurideFilmFestival: http://t.co/tHuh6X9X67 http://t‚Ä¶
249,"RT @ChazEbert: Use #diversity if you have questions for our panel at SXSW @sxsw this morning. #Diversity panel in Convention Center, Room 1‚Ä¶"
250,A tactile puzzle of ingenious construction: @stuarthoughton on 4‚òÖ #TheRoom3 @Fireproof_Games https://t.co/gUiWMGOy70 https://t.co/23x5BEhIlU
251,#Sixofthebest #Film: new @theartsdesk top half-dozen ‚òÖ‚òÖ‚òÖ‚òÖ‚òÖ @RevenantMovie &amp; @RoomTheMovie https://t.co/AUr6qh6yYs https://t.co/G45HYLyXMX
252,"Estrangement, loss &amp; rootlessness from @TindersticksUK on #TheWaitingRoom https://t.co/1x0M43ghqo https://t.co/wkZ6ZJNLiS"
253,Make room for @RoomTheMovie! Matt Wolf hails Lenny Abrahamson's #Oscar contender https://t.co/q9pV4NzxYE https://t.co/cQov21uVrk
254,"RT @Graham_Fuller: Wonderful words with @GuyMaddin and Evan Johnson about ""Seances"" and ""The Forbidden Room."" https://t.co/0JN9nLsSME"
255,"@ZeitchikLAT Yeah, I was on the brink of dropping Room, but think there might just be enough passion votes for it."
256,"BEST PICTURE 
The Big Short 
Bridge of Spies
Brooklyn
Carol
Mad Max: Fury Road
The Martian
The Revenant
Room
Spotlight

(if 10: Inside Out)"
257,"BEST ACTRESS
Cate Blanchett, Carol
Brie Larson, Room
Charlotte Rampling, 45 Years
Saoirse Ronan, Brooklyn
Alicia Vikander, The Danish Girl"
258,"BEST SUPPORTING ACTRESS
Joan Allen, Room
Rooney Mara, Carol
Alicia Vikander, Ex Machina
Julie Walters, Brooklyn
Kate Winslet, Steve Jobs"
259,"BEST ADAPTED SCREENPLAY
Anomalisa
The Big Short
Brooklyn
Carol  
Room"
260,@CasparSalmon @SiRenshaw I retract my earlier statement. I want to know what Cliff Richard made of Room.
261,"@kristapley Yeah, I'm quite surprised Room missed. Design shifts and spatial relationships are so integral to story there."
262,"@nathanielr Room's eligibility feels more tenuous, unless they define ""American"" as ""North American""."
263,"Best Film: Amy, Carol, 45 Years, Inside Out, Look of Silence, Mad Max: Fury Road, The Martian, The Revenant, Room, Spotlight. @londoncritics"
264,"@mike_hogan Not voting for a film doesn't equal turning your nose up at it! I like Room a lot but there wasn't, uh, room for it in my top 5."
265,"Kind of funny thinking of all those people, because of the Oscar nomination, naively going to see #Room expecting a good movie."
266,RT @DeaFou: @MickLaSalle Oops. Clearly I wasn't paying attention.  I guess in need to see Room.
267,#Room Locked-in mom and kid not the key to viewer enjoyment https://t.co/okWJUYcAHw via @sfchronicle
268,"Right, so how are we meant to be watching the Globes? Outside US? Anyone? Room of 7 in London who will thank you heartily."
269,A Room With a View Blu-ray @Criterion http://t.co/jwZ6b6Jvkx http://t.co/GcSvOwIDci
270,'War Room' doc wins Legacy Award: Cinema Eye taps Bill Clinton feature for honor http://t.co/T9Dag22z
271,"Smith, Winstone visit 'Powder Room': Film News: 
            M.J. Delane will make helming debut on pic http://t.co/6rcOlOEu"
272,"Wind Dancer finds 'Room': Film News: 
            Will finance, produce pic with Gilbert Films, Anonymous Content http://t.co/zf83g3kh"
273,"Look who's talking: Film News: 
            'Sessions' preems at Dolby 88 Screening Room in Gotham http://t.co/1RrF5paa"
274,RT @jwoodfilm: Room @TIFF_NET shows what an incredibly versatile director Lenny Abrahamson is.
275,"my faves at #TIFF15 Room, High Rise, Land of Mine, Brooklyn, Sunset Song"
276,"Room gave me goosebumps. Brie Larson, Joan Allen and young Jacob Tremblay were all just perfect. #TIFF15"
277,"Shag, Marry, Kill: the international posters for Room edition https://t.co/2vmD8xIESB"
278,Brie Larson's Room follow-up is a comedy musical about genetically modified rice btw https://t.co/9BkLcXVm8n
279,"I am torn between being super happy Brie Larson won for Room and a seething hatred for this ""Alex"" guy she thanked in her speech."
280,@CarterNixon Brie Larson is a powerhouse. Short Term 12 and Room would be career best performances from anybody.
281,Finally got my Green Room review up. It in no way does justice to how awesome the movie is: http://t.co/Bx5BaXAAb6 http://t.co/DlNtGUVCaa
282,Got halfway through my Green Room review. Will knock it out tomorrow between movies. Preview: it's super badass.
283,"@tenlonsfort Green Room, Anomolisa, The Devil's Candy and Victoria stand out. Seeing Too Late tomorrow, which is supposed to be crazy good"
284,".@saulnier_jeremy just promised 50,000 screens for Green Room, so hold him to that number."
285,"Yep, Green Room is legit. Crazy violent Assault on Precinct 13 riff. So totally up my alley."
286,Seated for my most anticipated movie @fantasticfest: Green Room. Bring it!
287,"@DrewAtHitFix I'm missing the first couple of days, which means I miss showing 1 of 2 of Green Room. Final showing is against Kurt Russell"
288,"Oh no, I have to choose between seeing Bone Tomahawk or Green Room at Fantastic Fest. Excuse me while I go hit something."
289,"Film Friday: https://t.co/QohzUgbZCK  Hot trailers: #GreenRoom (red band) #Demolition , #TheWitchMovie , #MilesAhead, #MeBeforeYou"
290,"Oscar best pic nominees: The Big Short, Bridge of Spies, Brooklyn, Mad Max, The Martian, The Revenant, Room, Spotlight"
291,"#GoldenGlobes noms for best picture-drama: Carol, Mad Max: Fury Road, The Revenant, Room, Spotlight"
292,"Room [77] http://t.co/Fpv0CwFisF RP: ""Its soulful mother/son narrative is one of the most touching dynamics you‚Äôll see in theaters this yr."
293,Weekend Box Office: (1) The Perfect Guy $26.7mil (2) The Visit $25.7 (3) War Room $7.4 (4) A Walk in the Woods $4.6 (5) Mission Impos $4.2
294,Fri Box Office: (1) The Perfect Guy $9.95mil (2) The Visit $9.2 (3) War Room $2.2 (4) Walk in the Woods $1.5 (5) Straight Outta Compton $1.2
295,"Room [78] http://t.co/Fpv0CwFisF RP: ""Its soulful mother/son narrative is 1 of the most touching dynamics you‚Äôll see in theaters this year."""
296,@joafrcaetano Already done:  Room: http://t.co/Fpv0CwFisF  Suffragette: http://t.co/2vYuHUCYY9
297,Weekend Box Office: (1) War Room $9.4mil (2) Straight Outta Compton $8.9 (3) A Walk in the Woods $8.4 (4) Mission: Impossible $7.2
298,Friday Box Office: (1) The Transporter Refueled $2.4mil (2) War Room $2.3 (3) Straight Outta Compton $2.2 (4) A Walk in the Woods $2.2
299,Weekend Box Office: (1) Straight Outta Compton $13.2mil [$134m total] (2) War Room $11.0 (3) Mission: Impossible $8.3 (4) No Escape $8.3
300,"War Room [25] http://t.co/drG7q6n2hJ LA Times: ""A mighty long-winded and wincingly overwrought domestic drama."""
301,Friday Box Office: (1) War Room $3.9mil (2) Straight Outta Compton $3.8 (3) No Escape $2.4 (4) Mission: Impossible $2.2 (5) Sinister 2 $1.4
302,"The Room auteur Tommy Wiseau returns with Neighbors, his first alleged sitcom, late this year; here's a new trailer: http://t.co/84hENeaaPB"
303,"Picture: Big Short, Bridge of Spies, Brooklyn (nice!), Mad Max Fury Road (wooooo), The Martian, Revenant, Room, Spotlight. #OscarNoms"
304,"Director: Big Short, Mad Max, Revenant, Room, Spotlight. Big surprises there! #OscarNoms"
305,"Adapted screenplay: Big Short, Brooklyn, Carol, Martian, Room. #OscarNoms C'mon Carol!!!"
306,I can definitely get on board with these nominees. Room! The Revenant! Ex Machina! Winter on Fire! The Big Short!
307,"Room is masterful, confirms @lennyabrahamson as one of film's finest. Jacob Tremblay gives the best child performance I've seen. #tiff15"
308,"Green Room is a riot. Stylish, brutal and wickedly funny. Glad to catch up with it. #tiff40"
309,Anton Yelchin talks Green Room and Star Trek 3 with me at @Deadline's #Cannes2015 studio. http://t.co/kY7Edn8LZX http://t.co/JWkKXRNuGC
310,Harold Pinter publisher denies Wooster Group right to have their latest production of ‚ÄúThe Room‚Äù reviewed. https://t.co/wTyZhFw6Ms
311,"Profile of the independent film distributor A24, the company behind Spring Breakers and Room. http://t.co/tnGsBz7zP4"
312,"And, 2, Melissa Carroll asks, Is there Room for Little Minnie at the Movies? Via @the_rumpus. http://t.co/SDhs0LQX3o"
313,"RT @caityweaver: Everyone's making SUCH a big deal out of Brie Larson's scary life in ""Room."" Looks like a pretty cool room to me! https://‚Ä¶"
314,Best Actress in a Motion Picture Drama: Brie Larson for Room ---&gt; https://t.co/RiU9RQPcQm  #GoldenGlobes
315,WATCH: Making The World of #RoomMovie ---&gt; https://t.co/4LhznVZCJl https://t.co/9u5xSAAURt
316,#Room is Certified Fresh at 94% ---&gt; http://t.co/LK0dLJbv98 http://t.co/IXq8Bdi2OY
317,VIDEO: @BrieLarson On Her Latest Film #Room ---&gt; http://t.co/HeTH1mOp0Q http://t.co/sDIifiJAXG
318,#Room is currently Fresh at 94% with 52 reviews ---&gt; http://t.co/XkkPPhzSTs    üçÖ #Tomatometer @ElementPictures
319,#Room is currently Fresh at 95% with 35 reviews ---&gt; http://t.co/xARK4U98AQ   üçÖ #Tomatometer @ElementPictures
320,#Room is currently Fresh at 97% with 33 reviews ---&gt; http://t.co/woUwWfwnXF  üçÖ #Tomatometer @ElementPictures
321,#Room is currently Fresh at 97% with 31 reviews ---&gt; http://t.co/c37MyVtEe3 üçÖ #Tomatometer @ElementPictures
322,#TheForbiddenRoom is currently Fresh at 96% with 26 reviews ---&gt; http://t.co/wf0MFwHMIO    üçÖ#Tomatometer
323,#TheForbiddenRoom is currently Fresh at 95% with 21 reviews ---&gt; http://t.co/95q0cAWjj1   üçÖ#Tomatometer
324,#TheForbiddenRoom is currently Fresh at 94% with 17 reviews ---&gt; http://t.co/rkr4I4dEgf  üçÖ#Tomatometer
325,#TheKeepingRoom is currently Fresh at 67% with 30 reviews ---&gt; http://t.co/w7gf0ahrQ7 üçÖ#Tomatometer @drafthousefilms @HaileeSteinfeld
326,Here you go... Very pleased for #RoomMovie plus Deakins' superb lensing on #Sicario &amp; majestic Rampling in #45Years. https://t.co/Z2iDaq9FIK
327,"In the Green Room at Sky News, enjoying a spectacular collection of fridge magnets. http://t.co/RKDd0HzmP4"
328,Room writer Emma Donoghue: ‚ÄòI felt like a tourist at the Golden Globes‚Äô https://t.co/Zytp2m2I4j
329,The smartest kid in the Room: everything you need to know about Jacob Tremblay https://t.co/VeqGcUj6tp
330,How Room's Emma Donoghue turned her dark bestseller into an Oscar contender https://t.co/ZTYoMNVyg2
331,Brie Larson: 'Room was exhausting to shoot' https://t.co/D17vLDlYNo
332,The Forbidden Room review: 'a mind-melting opus' https://t.co/39CDqcyRn2
333,A quick bump for our review of Room https://t.co/0IcNIgfWus
334,"#GreenRoom: a genuinely taut, fresh thriller. https://t.co/SE96PlcehW"
335,"RT @A24: Let the shit show begin... Check out the head-banging new red band for @GreenRoomMovie! üé∏üî™
https://t.co/mDIDqzxkt6"
336,"@Craig_Mack Oh, you mean you lived what happened in Green Room. Yikes. That's awful."
337,"@Like_Whoa @Craig_Mack (He wrote C2, not Green Room.) ;o)"
338,RT @dordotson: .@GreenRoomMovie was spectacular. And the Q&amp;A was uniquely remarkable - thoughtful and honest answers even to meh questions.‚Ä¶
339,Thanks. You'll dig it. #GreenRoom https://t.co/7NSYr95RFE
340,"My review of Green Room, which is playing #Sundance this week. (h/t @fantasticfest, via @nerdist)

https://t.co/WzA3S9u6aG"
341,"When Sundance takes a film that has already played several festivals, that's usually a very good sign. (cough) Green Room (uncough) Sorry."
342,"Green Room is a ""punk rockers vs. white supremacists"" thriller that feels like it fell out of 1975. From the director of Blue Ruin. So good."
343,Brie Larson wins actress for Room #CriticsChoice
344,RT @latimesmovies: Oscars 2016: Brie Larson rides a wave of acclaim with a lead actress nomination for 'Room' https://t.co/gYjKA2ILkE
345,RT @latimesmovies: Oscars 2016: Three major nominees had to step aside to make 'Room' for this one https://t.co/58T3mg23WZ
346,"Brendan Gleeson won the British Independent Film Award for supporting actor for ""Suffragette"" and ""Room"" won international film."
347,RT @saulnier_jeremy: Everyone! Please follow @GreenRoomMovie. I promise this is going to be a fun week.
348,"RT @saulnier_jeremy: Thank you Salt Lake City for kicking off #sundance16 in raucous style with @GreenRoomMovie!!! 
Super fun Q&amp;A, y'all."
349,RT @Leigh_Singer: cult maestro @michaeljblyth's #LFF horror picks incl. the terrific @GreenRoomMovie w/ a scary-ass Patrick Stewart... http‚Ä¶
350,"My thoughts on High-Rise, Room, The Martian and other @TIFF_NET goodies‚Ä¶ http://t.co/Qzzsu6yEJu via @FT"
351,"Everyone here going nuts for Lenny Abrahamson's Room, powerful and beautifully spare. #TIFF2015"
352,"Yep, Carol and Green Room: http://t.co/wKRSdj7awA"
353,@saulnier_jeremy's Green Room is a full-throttle thrill ride: a violent horror siege with macabre laughs. Be excited. #Cannes2015
354,Room's child star Jacob Tremblay wins Critics‚Äô Choice award ‚Äì video https://t.co/t1thN3xKGw
355,Room review ‚Äì to see the world within four walls https://t.co/SsYdv3fExi
356,"The Guardian film show: The Revenant, Room and Creed ‚Äì Audio reviews https://t.co/6zYYAF4fDc"
357,"The Guardian film show: The Revenant, Room and Creed ‚Äì¬†video reviews https://t.co/oGuTLhf9pH"
358,Room ‚Äì¬†video review https://t.co/yrZtko29WL
359,Emma Donoghue on how she wrote the screenplay for Room https://t.co/97V6AEAWyi
360,Room review ‚Äì Brie Larson shines in a dark dungeon https://t.co/JdbUjD7HwV
361,Room director Lenny Abrahamson: 'I find kids' optimism incredibly moving' ‚Äì video interview https://t.co/LnZjx0dRzU
362,Room: an uplifting movie about an agonising subject https://t.co/opdfc4aN3F
363,"Room author Emma Donoghue: ‚ÄòThe situation is horrible, but the story is not‚Äô https://t.co/1SQOP8rA01"
364,The Forbidden Room review ‚Äì fearsome journey without a compass https://t.co/iu25h2A7XC
365,"The Guardian film show: By the Sea, Hector, The Forbidden Room and Sisters ‚Äì audio reviews https://t.co/DJsBD2BZWx"
366,"The Guardian film show: By the Sea, Hector, The Forbidden Room and Sisters ‚Äì video reviews https://t.co/IhnBYdheUo"
367,The Forbidden Room review ‚Äì early cinema cheese-dream with sparkle https://t.co/1h82R4qDYv
368,The Forbidden Room - video review https://t.co/MmAFwFNEi0
369,"Studio apartment: Room's tiny, innovative film set goes on display https://t.co/ZDkdlHSaHW"
370,"The Room, 'Citizen Kane' of bad movies, could be remade in 3D, says original director https://t.co/i5seXcD8dP"
371,James Franco set to direct and star in film about 'worst movie ever' The Room https://t.co/xAgsEzePIa
372,Seth Rogen surveying James Franco's behind-the-scenes story of The Room http://t.co/LB3moktxat
373,Room wins Toronto film festival's People's Choice Award http://t.co/b28s6AQKNU
374,"Toronto 2015: Room adaptation doesn't directly reference Fritzl case, say film-makers http://t.co/UKIU93EJio"
375,War Room fights its way to top of US box office http://t.co/f63ytEIte9
376,Room premieres at Telluride: what did the audience think? http://t.co/hLc6akYdmq
377,Room review: Brie Larson and Jacob Tremblay escape confining adaptation http://t.co/5uNmcWaX9Y
378,Onward Christian soldiers: War Room triumphs at the box office http://t.co/Eri11HrG5j
379,War Room review: shut up and pray he quits http://t.co/iL6RFXjrSz
380,"RT @brielarson: Thank you @TheAcademy for recognizing @RoomTheMovie, @EDonoghueWriter, @lennyabrahamson and Me! We are overjoyed!!!! https:‚Ä¶"
381,So excited my new site is up. On it I had a lovely chat with @lennyabrahamson about @RoomTheMovie . Go explore. https://t.co/v40uhTJCaC
382,MASSIVE well done @lennyabrahamson @brielarson @RoomTheMovie x x x x
383,@lennyabrahamson @goss_ie @RoomTheMovie good luck. Xxxx
384,"RT @Film4: Competition time! Win tickets to see the BAFTA-nominated, Film4-backed drama Room: https://t.co/pdT4rUkEji https://t.co/n0VSgONg‚Ä¶"
385,RT @hivecollect: Join #RoomMovie director @lennyabrahamson live right now on @HuffPostLive! https://t.co/nWu3YknSL8
386,RT @room_movie: Lenny Abrahamson &amp; Jacob Tremblay charm @edibow at the British Independent Film Awards. #Room #MBIFA https://t.co/zGx3EA38Qg
387,RT @TypingRoom: üëå Chef @leewestcott was on @bbcone's Saturday Kitchen with @edibow and Kenny Atkinson yesterday! In‚Ä¶ https://t.co/3N1hfpdtLl
388,RT @inekedaans: Happy 10th The Back Room @editorsofficial! Saw a couple of TBR tshirts in town yesterday. ‚úåüèºÔ∏è. Also: feeling old. X
389,"10th ann of release of The Back Room today from @editorsofficial . excited about new album, one of my favs from TBR http://t.co/SJDaXHT4Ym"
390,"RT @Pulsar_Social: We're excited for @SupaAcademy's Supa Market today. Meet the team in the Brain Room, 10-2pm http://t.co/wc2dGrhfDz http:‚Ä¶"
391,"Room beats Carol, Force Majeure, Girlhood and Son of Saul."
392,Best international independent film goes to Room. Awards momentum train passing through... #BIFAs
393,"Edinburgh 2015: Stewart Lee, A Room with a Stew, Assembly Rooms, review | via @telegraph http://t.co/DMsCnPBkdJ"
394,RT @SAGawards: And @BrieLarson embraces with her inspiration (@JacobTremblay) @RoomTheMovie #sagawardsüé≠ https://t.co/MkHywsWtgY
395,.@BrieLarson wins the #SAGAward for Female Actor in a Leading Role! @RoomTheMovie #RoomMovie #sagawards https://t.co/IgGMRtvsfN
396,"'Brooklyn,' 'Room' add to #Oscar nominations haul with Canadian Screen Awards Nods https://t.co/3hJQIy8azD https://t.co/AaQnfaSrAf"
397,RT @CriticsChoice: Congrats to Best Actress @brielarson! She really knows how to work a #Room. #CriticsChoice https://t.co/TAMBfLx86O
398,Teaser trailer and poster for Jeremy Saulnier‚Äôs #GreenRoom: https://t.co/RyP7VTOklQ https://t.co/Nxrq08sVco
399,RT @A24: Straight Outta Room #NBRAwards #RoomMovie https://t.co/0Z0CEcYPnv
400,"#Room's @JacobTremblay talks about working with #GoldenGlobe-winner, @brielarson
https://t.co/qp9CJs2QWv"
401,The #GoldenGlobe goes to... Brie Larson for #Room https://t.co/sqP84XGf02 #IMDbGlobes https://t.co/kst8rWu8UH
402,"Watch this new trailer for the dark comedy, 'Bad Roomies': https://t.co/MlDLt8cByf https://t.co/eLWlScuIdn"
403,"WATCH: Brie Larson, Joan Allen and director Lenny Abrahamson discuss working together during the filming of #Room.
https://t.co/m7ukZzk90j"
404,"Watch this #exclusive clip for @RoomTheMovie starring @brielarson. #RoomMovie
https://t.co/PuUfikmilu"
405,"#ICYMI: @lennyabrahamson joined us for a chat about @RoomTheMovie. If you missed it, read the full chat here: https://t.co/ch7Frz4in4"
406,Thank you @lennyabrahamson for chatting w/ us &amp; to everyone for your Q's. Check out @RoomTheMovie in theaters now!
407,RT @lennyabrahamson: .@IMDb @TylerCobaugh @RoomTheMovie took a lot of thinking by us all to make the structure work. Now it feels like one ‚Ä¶
408,RT @lennyabrahamson: .@IMDb @TylerCobaugh @RoomTheMovie The story breaks down into two halves with a short very exciting middle section. Th‚Ä¶
409,What was the hardest obstacle shooting 'Room'? @TylerCobaugh @lennyabrahamson @IMDb @RoomTheMovie #IMDbAskLenny
410,"RT @lennyabrahamson: .@IMDb @kjs_22 @RoomTheMovie If you haven't read the book, then wait until after. Reading it immediately before the fi‚Ä¶"
411,Read the book first or see the movie? The struggle is real @kjs_22 @IMDb @lennyabrahamson @RoomTheMovie #IMDbAskLenny
412,RT @lennyabrahamson: .@IMDb @troy_long @RoomTheMovie he's on twitter if you want to follow him @talkingwounded
413,RT @lennyabrahamson: .@IMDb @troy_long @RoomTheMovie the amazing score is by the amazing Stephen Rennicks who also did FRANK (songs and sou‚Ä¶
414,I loved the score. Could you tell me who did it? I can't find it anywhere. @troy_long  #IMDbAskLenny  @IMDb @lennyabrahamson @RoomTheMovie
415,RT @lennyabrahamson: .@IMDb @toreehcakes @RoomTheMovie I can see her on a wagon train heading west in the middle of the 19th century! So ma‚Ä¶
416,"If u could direct another film w/ Brie, what genre would you like it to be? @toreehcakes  #IMDbAskLenny @IMDb @lennyabrahamson @RoomTheMovie"
417,RT @lennyabrahamson: .@IMDb @troy_long @RoomTheMovie 70s US cinema. Felt it related to our style in the second half of the story. Watched T‚Ä¶
418,RT @lennyabrahamson: .@IMDb @troy_long @RoomTheMovie .. Butterfly but deciding that was not an approach I would take to Jack's POV. Also wa‚Ä¶
419,RT @lennyabrahamson: .@IMDb @troy_long @RoomTheMovie I watched a lot with Danny Cohen to define aspects of the cinematography. I remember w‚Ä¶
420,Did you watch any films in preparation or inspiration for this film? @troy_long  #IMDbAskLenny @IMDb @lennyabrahamson @RoomTheMovie
421,RT @lennyabrahamson: .@IMDb @toreehcakes @RoomTheMovie by the time of shooting I felt completely inside the story and the world - decisions‚Ä¶
422,"RT @lennyabrahamson: .@IMDb @toreehcakes @RoomTheMovie it was all very organic. I worked with Emma, the writer over a year and a half on th‚Ä¶"
423,What was your approach going into this film? @toreehcakes #IMDbAskLenny  @IMDb @lennyabrahamson @RoomTheMovie
424,"RT @lennyabrahamson: .@IMDb @AnnaMateja @RoomTheMovie It always an instinctive reaction that draws me to a project, very hard to generalise‚Ä¶"
425,What do you look for in a script? @AnnaMateja  #IMDbAskLenny @IMDb @lennyabrahamson @RoomTheMovie
426,RT @lennyabrahamson: .@IMDb @toreehcakes @RoomTheMovie ... I felt it would me my love letter to him.
427,"RT @lennyabrahamson: .@IMDb @toreehcakes @RoomTheMovie My little boy, Max, was 4 when I read the novel and it moved me so much. I could see‚Ä¶"
428,Why was it important for you to create this film and tell this story? @toreehcakes #IMDbAskLenny @IMDb @lennyabrahamson @RoomTheMovie
429,"RT @lennyabrahamson: .@IMDb @toreehcakes @RoomTheMovie probably the whole escape sequence, which was really challenging to shoot, but so me‚Ä¶"
430,What was one of your favorite scenes to bring to life? @toreehcakes #IMDbAskLenny @IMDb @lennyabrahamson @RoomTheMovie
431,Hi everyone! @lennyabrahamson is here to answer your questions about @RoomTheMovie! Send your Q‚Äôs to #IMDbAskLenny https://t.co/8rCi1UcrU4
432,"Gotham Awards nominations boost #Oscar frontrunners 'Spotlight,' 'Carol' &amp; 'Room' https://t.co/p9mLSkYolj"
433,Join us for a live chat w/ director @LennyAbrahamson 10/22 for his new film @RoomTheMovie! Send Q's to #IMDbAskLenny https://t.co/yiO2OUq95Z
434,"RT @boxofficemojo: 'Goosebumps' On Top, 'Peak' Flops and A24's 'Room' Strong in Limited Showing http://t.co/1aiZHxdeV7 http://t.co/8KQ2QMQ0‚Ä¶"
435,"Brie Larson, Jacob Tremblay, Lenny Abrahamson, and Emma Donoghue discuss the making of @RoomTheMovie.
https://t.co/kRcZhnbwqw"
436,Thanks @brielarson for chatting w/ us &amp; to everyone for your Q's. Check out the full @RoomTheMovie chat on #IMDb. http://t.co/QqGXOxW5Oq
437,"""How did you know you had to play Ma?"" #IMDbAskBrie #Room @brielarson https://t.co/DH55QwTNn1"
438,Join us for a live chat w/ @brielarson tomorrow for @RoomTheMovie! Send your Q's to #IMDbAskBrie http://t.co/fMm45bh4sE
439,"RT @FastCompany: The story behind ""The Keeping Room""‚Äîand making a feminist western: http://t.co/kUAzNO5Ric http://t.co/1rmvv8CNWz"
440,"#Oscar Predictions: After Fall Fests, ‚ÄòSpotlight,‚Äô ‚ÄòRoom‚Äô Soar http://t.co/Sn7IzOYImK http://t.co/Og6EumZGQ8"
441,.@RoomTheMovie wins Toronto Film Festival‚Äôs People‚Äôs Choice Award http://t.co/kVgGfCCYO1 http://t.co/5Lnzi58y6m
442,.@RoomTheMovie star @brielarson received #IMDb's 2015 STARmeter award w @lennyabrahamson #TIFF http://t.co/TG4bwv68ld http://t.co/j66I0gWTM2
443,"WATCH: The first UK trailer for award-season frontrunner, Room. https://t.co/kwVLwrJIWt https://t.co/fpMMEvsmhh"
444,"RT @Film4Insider: Very excited to announce that Room, The Lobster &amp; Youth are screening at @TIFF_net in Sept! http://t.co/1x4FsCtLAE https:‚Ä¶"
445,"#SAGAwards: Brie Larson wins lead actress in a film for ""Room"" https://t.co/UKKTj8I0yc https://t.co/c0oF7Wxpdo"
446,#Room's breakout star Jacob Tremblay will guest star on @LastManFOX https://t.co/2qvKWRw235 https://t.co/4nHUeTnhTs
447,"Brie Larson wins best actress for ""Room"" #CriticsChoice https://t.co/OMahcsashc https://t.co/5NTBal0xo0"
448,"Correction: Jacob Tremblay (""Room"") wins for Young Actor/Actress, not Supporting Actor #CriticsChoice https://t.co/OMahcsashc"
449,"Jacob Tremblay, at 9 years-old, wins supporting actor for ""Room""  #CriticsChoice https://t.co/OMahcrSRpE https://t.co/lZfnLq2Ltz"
450,'The Revenant' and 'Room's' #OscarNoms could lead to box office boosts https://t.co/IENkID4H4q https://t.co/kssrZOVRR5
451,"Oscars: 'The Revenant,' 'Room' could see biggest box office gains https://t.co/qParPqdBd5 https://t.co/jENaMFq2Aj"
452,"#OacarNoms: Best picture (continued)
‚ÄúThe Martian‚Äù
‚ÄúThe Revenant‚Äù
‚ÄúRoom‚Äù
‚ÄúSpotlight‚Äù
https://t.co/m3bX7oI1Ni https://t.co/REsUHg7Mu1"
453,"Best Picture
The Big Short
Bridge of Spies
Brooklyn
Mad Max: Fury Road
The Martian
The Revenant
Room
Spotlight 
#OscarNoms"
454,"Best Directing:
The Big Short
Mad Max: Fury Road
The Revenant
Room
Spotlight 
#OscarNoms"
455,"Adapted Screenplay:
The Big Short
Brooklyn
Carol
The Martian
Room 
#OscarNoms"
456,Wooster Group's controversial staging of Pinter's 1957 debut play 'The Room': Theater Review https://t.co/LaXyzxHcK1 https://t.co/6twRnp4KiK
457,Wooster Group's controversial production of Harold Pinter's 'The Room': Theater Review https://t.co/Em7YC6ymef https://t.co/cqaDk9ILUs
458,RT @brynsandberg: Brie Larsen says backstage that she gained 15 lbs of muscle for her role in #Room. #SAGAwards2016
459,#SAGAwards: Watch @BrieLarson accept Best Actress in a Motion Picture for 'Room' https://t.co/GI8bbfy9dP https://t.co/DswyfGUZoj
460,RT @PamelaDayM: #SAGAwards box office: Winner Brie Larson's @RoomTheMovie has doubled its gross since being nominated for Oscar best pictur‚Ä¶
461,#SAGAwards: Watch 'Room' stars Brie Larson and Jacob Tremblay present https://t.co/L5rGLS3gER https://t.co/tLFA5acSjh
462,'Room' star @BrieLarson is up for Best Actress tonight at the #SAGAwards: THR's interview https://t.co/Zk5ltYURPU https://t.co/fPduqoLR3Q
463,RT @THRGlobal: 'Room' Director Lenny Abrahamson to Be Saluted at Oscar Wilde Awards (Exclusive) https://t.co/EmifD0UUUL https://t.co/5wTMMV‚Ä¶
464,'The World Inside Room' offers 360-degree look inside claustrophobic @RoomTheMovie set https://t.co/VVAUvmVmgN https://t.co/tugI9SYqyn
465,.@RoomTheMovie director @LennyAbrahamson to be saluted at Oscar Wilde Awards (Exclusive) https://t.co/Tc2mXqujSn https://t.co/C0b0HasUbq
466,RT @TheLiveFeed: 'Last Man on Earth': 'Room' Breakout Jacob Tremblay to Play Young Will Forte https://t.co/cxVxmAs8fe https://t.co/GZghbUJ7‚Ä¶
467,'Last Man on Earth': 'Room' Breakout Jacob Tremblay to Play Young Will Forte https://t.co/14UCTYD29T https://t.co/8WwKMqnOyo
468,From Bob Saget‚Äôs daughter to Jonah Hill's love interest: @BrieLarson's roles before 'Room' https://t.co/YxLHAGjmNk https://t.co/NJMVvHYimL
469,.@RoomTheMovie leads Canadian Screen Awards film nominations https://t.co/ms0105wgeI https://t.co/0X2GLJWKi4
470,"'Room's' Jacob Tremblay Dances to ""Uptown Funk"" While Celebrating Critics' Choice Win https://t.co/vg8xYIwhSE https://t.co/fuOWSL9Wcp"
471,"RT @THRAwards: Critics' Choice Awards: 'Room's' Jacob Tremblay, Age 9, Wins Over Audience With Adorable‚Ä¶ https://t.co/AqlXLNsr08 https://t.‚Ä¶"
472,RT @chrissgardner: Best actress goes to Brie Larson for @RoomTheMovie #CriticsChoice continuing her streak that includes @goldenglobes
473,"RT @kerriganagain: Like me, Hadrian's trying to pretend he's not crying at the end of A Room with a View @britishmuseum #bfilove http://t.c‚Ä¶"
474,@patterns4living @sodiumjones Ah I love Badlands but I can't make it I am afraid. Am going to Room With a View tonight actually.
475,"RT @WAFCA: 2015 WAFCA WINNER:
Best Adapted Screenplay: Emma Donoghue (Room)
#WAFCA2015 https://t.co/pEvnncn33X"
476,"RT @WAFCA: 2015 WAFCA WINNER:
Best Youth Performance: Jacob Tremblay (Room)
#WAFCA2015 https://t.co/csSWrkIAvC"
477,Crazy Cool House With the Rotating Dining Room Finally Sells--at less than half price! http://t.co/X1zYz0HTXP
478,What's that purple thing that vibrates among the fabulous finds at the Oscar #SecretRoom Luxury Lounge? http://t.co/bHwheQdD37
479,Come With Me Into the Secret Room Celebrity Gifting Suite for #GoldenGlobes 2015 http://t.co/6qHWqmtQ8u
480,Multi-Room Sky Suites are the Latest Thing in Luxury Travel: Cool Houses Daily | HGTV FrontDoor Blog http://t.co/lbnRAIpJiq
481,I'm in! Dock Your Boat in the Living Room of This Bahamas Luxury Estate: HGTV FrontDoor Blog http://t.co/owXDGcZMVm
482,Room's heart https://t.co/b87RLkgikc
483,here we go - Best Actress #BrieLarson - im still bawling after the clip of #RoomMovie
484,#EmmaDonoghue's great novel turned into the heart wrenchingly great @RoomTheMovie  https://t.co/EMUkGtgXPJ
485,"Laying it out movie-style #RoomMovie #RocktheKasbah #Rember and more reviewed @channel12oshawa 5,7 and 11. Big week!"
486,#RoomMovie intvu with #JoanAllen and writer #EmmaDonoghue Must-see drama https://t.co/6R3h4ZnLul @Elevation_Pics
487,"The elegant, talented #JoanAllen on @channel12oshawa talking about your new favourite film #RoomMovie 5,7 and 11 p.m.  @Elevation_Pics"
488,There is no one like #GuyMaddin and nothing like his films. Take the glorious #TheForbiddenRoom http://t.co/H4rHOg26px
489,Watch for #Room at #TIFF15. Wait till you meet little Jack born in captivity. Whew.
490,Omg Jacob Tremblay won best young actor!!! so happy! I LOVE him! #Room #CriticsChoice! He's putting his award next to his millennium falcon
491,How Frkn cute is @JacobTremblay?? #Room #GoldenGlobes https://t.co/p31cpm8iuD
492,RT @MovieTickets: Check out @KylieEricaMar's interview with #RoomMovie stars @JacobTremblay @brielarson &amp; director @lennyabrahamson: https:‚Ä¶
493,LIVE on #Periscope: The Roger Room- Sunday Funday https://t.co/bbDSqStNf8
494,"RT @ChristianCinema: ""War Room"" Tops Week of Home Media Sales: War Room, distributed by Sony Pictures Home Entertainment, topped th... http‚Ä¶"
495,Congrats to #WarRoomMovie for doing something only 9 other films did this summer. It reached number 1 at box office.1526 screens = $6127 per
496,"RT @Sally_Matheny: @noeltmanning Read your article in The Journey Christian Newspaper today on #WarRoomMovie's co-producer, Gary Wheeler. G‚Ä¶"
497,"#MovieHistory 11/19/1962: Jodie Foster star of Taxi Driver, The Accused, The Silence of the Lambs, Maverick, Contact and Panic Room is born"
498,Are we happy @ShireenSandoval?  Leo &amp; The REVENANT. &amp; #Room got its honor. #GoldenGlobes
499,RT @PressRoomGFS: Who's ready for the 2nd half of this game?! #SEAvsCAR https://t.co/KnknwwxqZz
500,"RT @brielarson: Thank you @TheAcademy for recognizing @RoomTheMovie, @EDonoghueWriter, @lennyabrahamson and Me! We are overjoyed!!!! https:‚Ä¶"
501,"Almost made my Top 10: Steve Jobs, Kingsman, Batkid Begins, Love &amp; Mercy, The Gift, Revenant, Room, The Big Short, Anomalisa. GREAT year."
502,"@ErickWeber I mean, I don't have a Private Screening Rooms of L.A. gallery, or anything, but I try!"
503,"Busy couple of days in L.A. Doing a @RoomTheMovie q&amp;a, screening Good Dino, and interviewing casts of The Big Short and Anomalisa. Awards!"
504,"EP 2 of ""INDIES ARE MY JAM"" is UP! @aliciamalone &amp; I talk news, topics &amp; review #RoomMovie #ManUp &amp; #MissYouAlready: https://t.co/5K6DL3MOG7"
505,"@actingjoe Depends on how u look at it! Loved Ex Machina, Inside Out, Mission 5, Spotlight, Room, Sicario, Love &amp; Mercy, Steve Jobs, etc!"
506,"@frannegolde Hi Franne! The Martian, Room, Steve Jobs, Sicario! (In the order!)"
507,RT @AHLive: Listen to @MovieMantz - watch @brielarson stun in #Room this weekend. https://t.co/v3ecGoi6eK https://t.co/W95Wpd9Zyx
508,Had WAY too much fun reviewing #SteveJobs #Room &amp; #RockTheKasbah w/ @MichaelNBCLA &amp; @CarolynNBCLA on @NBCLA today!! https://t.co/xonQKv7Zj1
509,WATCH my #TELLURIDE report for @accesshollywood w/ #SpotlightMovie #Room #Carol &amp; more HERE: http://t.co/3UfzoINxVm http://t.co/IRlVfSpIr2
510,"RT @lennyabrahamson: @MovieMantz @RoomTheMovie @brielarson wow, thanks so much Scott!"
511,@aliciamalone @RoomTheMovie @brielarson I know you loved the book! YOU will LOVE the movie when you see it in just a few days at #TIFF15!!
512,WATCH my rave #Telluride review for @RoomTheMovie w/ the amazing #BrieLarson HERE: http://t.co/4lp82QFgJv http://t.co/GUUkMiZtBQ
513,"Blown away by #Room! Incredible, provocative, powerful! #BrieLarson &amp; Jacob Tremblay are sensational! #Telluride http://t.co/FxtBxzeOQL"
514,BOX OFFICE shocker! Faith-based drama #WarRoom is #1 w/ $9.3m! Three-time champ #StraightOuttaCompton falls to #2 w/ $8.8m!
515,EXCITED to be attending my 1st TELLURIDE FILM FEST! Can't wait to see #SteveJobs #BlackMass #Carol #Spotlight #Room &amp; MORE! #Telluride
516,RT @NiceToR2CU: On #MalonesMovieMinute @aliciamalone @MovieMantz x3 talk #RogueNation #13Hours #Room &amp; MORE! https://t.co/sH1MwycTTr http:/‚Ä¶
517,"Fantastic Fest Announces More Films: ‚ÄòThe Martian,‚Äô ‚ÄòGreen Room,‚Äô and ‚ÄòThe Lobster‚Äô http://t.co/ae7rkxctwT"
518,"Movie B.S. with Bayer and Snider, Episode 157: ‚ÄòOblivion,‚Äô ‚ÄòRoom 237,‚Äô and more http://t.co/UYHcoSIJFk"
519,"Movie B.S. with Bayer and Snider, Episode 157: ‚ÄòOblivion,‚Äô ‚ÄòRoom 237,‚Äô and more http://t.co/0HOvIF3Yt3"
520,TOP 7 Creepy Rooms in Horror flicks. What's Calhoun missing? http://t.co/1lzYX34
521,Dedicated to 'The Roommate' here's Calhoun Kearsten's TOP 7 Psycho Ladies in Film. http://fb.me/v0aotFy8
522,New Full Content Parental Review:  Room (https://t.co/jKNCEgr8G5) #movies #families #parenting #RoomMovie #Room https://t.co/rkvflGI2A7
523,New Full Content Parental Review:  War Room (http://t.co/BfpaXlxVIa) #movies #families #parenting #WarRoomMovie http://t.co/GqqG6deyah
524,"Weekend B.O. Est. (in millions): Just Go With It (31), Justin Bieber (30.2), Gnomeo & Juliet (25.5), The Eagle (8.5), The Roommate (8.4)"
525,"Friday BO. Est. (in millions): Justin Bieber (12.3), Just Go With It (9.7), Gnomeo & Juliet (6.1), The Eagle (2.7), The Roommate (2.6)"
526,"Weekend B.O. Est (millions): The Roommate (15.6), Sanctum (9.2), No Strings Attached (8.4), The King's Speech (8.3), The Green Hornet (6.1)"
527,"Our review for ""Sanctum"" has been posted (www.screenit.com), but you'll have to wait on ""The Roommate"" as that wasn't screened for critics."
528,#WarRoom and #UnGalloConMuchosHuevos Are Few Box Office Bright Spots on Dismal Labor Day Weekend http://t.co/lLivoqWxxU #TVMISummer
529,'War Room' and 'Un Gallo con Muchos Huevos' Are Few Box Office Bright Spots on Labor Day Weekend - http://t.co/IDEB75C90N via @Shareaholic
530,"#StraightOuttaCompton Earns Third Straight Victory, #WarRoom Debut Solid in Limited Release http://t.co/5Fc2qvJEAU #TVMISummer"
531,RT @tvseanb: NFC Locker Room inside #NFLExperience @GoodDaySac @CBSSacramento @gooddaymelissa https://t.co/ieuUgpIoZU
532,RT @CBSSacramento: Rush Of Patients Tests Patience At Sacramento Emergency¬†Rooms https://t.co/A2DqP6XePh
533,"OSCAR FILMING LOCATIONS
Visit ""Room""
#MovieTripTV #Room #Oscars https://t.co/byp3PjM7Jd"
534,"OSCAR FILMING LOCATIONS
Visit ""Room""
#MovieTripTV #Room #Oscars https://t.co/E4Vu8CEucm"
535,"""Room"" star Jacob Tremblay celebrating his big win at the after party! 
#CriticsChoice #Room https://t.co/EvgeI21n2r"
536,"BEST MOVIES OF 2015
1. Straight Outta Compton 
2. Mad Max: Fury Road 
3. Room 
4. Dope 
5. Creed
#Bestof2015 https://t.co/Y9zfzV8NeN"
537,"HAPPY HOLIDAYS FROM THE SCREENING ROOM

Wishing everyone happiness and joy!

#Fox4KC #ScreeningRoom #ChatwiththStars https://t.co/NZHjhiko3K"
538,"THE 10 BEST MOVIES OF THE YEAR

1. Straight Outta Compton 
2. Mad Max: Fury Road 
3. Room 
4. Dope 
5. Creed 
6.... https://t.co/WwXpET15tI"
539,"THE 10 BEST MOVIES OF THE YEAR

3. @RoomTheMovie 

Breathtakingly stunning. Flawlessly executed.

#BestOf2015 #Room https://t.co/ZYS15Qbu6v"
540,RT @RoomTheMovie: Don't miss the year's most inspiring and powerfully uplifting film ‚Äì #RoomMovie https://t.co/CAvKeVNkOH https://t.co/KY93‚Ä¶
541,"I was blown away by @brielarson in @RoomTheMovie! She got my vote for Best Actress.
#BrieLarson #RoomMovie"
542,"Who's Number 1 in KC? We are! 
#Fox4KC #ScreeningRoom #ChatwiththeStars http://t.co/l93goxuFiE"
543,"Welcome to Rocktober!
#RocktheKasbah #Fox4KC #ScreeningRoom #ChateiththeStars http://t.co/ltDeTgURXm"
544,RT @MovieTripTV: Out scouting @ 18th &amp; Vine for our Kansas City #MovieTrip! @americanjazzkc @TheBlueRoomKC @nlbmprez @MutualMusicians http:‚Ä¶
545,@WaldoWilbur Then watch the Screening Room on @fox4kc.
546,"Tomorrow we break down @FastFurious 7 in the Screening Room on @fox4kc!
#Furious7 #fox4kc #PopcornBags http://t.co/6WGf3UCI94"
547,"Go ""Home"" or ""Get Hard"" is how we doing it in the Screening Room on @fox4kc this week!
#GetHard #Home
http://t.co/NUHhG8dj92 via @fox4kc"
548,RT @NowhereManMH: @sedwardskc Loved your speech on diversity on Hollywood at the Buffalo Room.
549,"Don't miss our review of @FiftyShades this Friday in the Screening Room on @fox4kc!
#FiftyShadesOfGrey #fox4kc http://t.co/HPry2eIScY"
550,"Last night at the @EmpireRoomKC with @olearyth!
#3Style http://t.co/cmSlzXurdr"
551,"Last night at the @EmpireRoomKC!
#3Style http://t.co/sM8fZpPCQh"
552,"Hangin' with the champ @djbstee at the @EmpireRoomKC!
#3Style http://t.co/6NbQgVBSOm"
553,"In the Green Room at the @UptownTheater!
#3Style http://t.co/XGWhtDpS2z"
554,"Joan Allen is playing a mom who's kid returns after being kidnapped....again??? (She was great in Room, btw)"
555,"RT @AwardsDaily: Best Picture - The Big Short, Bridge of Spies, Brooklyn, Mad Max, The Martian, The Revenant, Room, Spotlight (only 8 nomin‚Ä¶"
556,"In Bridge of Spies, Spielberg and Hanks don't reinvent the wheel. That's a good thing. (&amp; Room, Truth Crimson Peak) https://t.co/1MMgz4JT5v"
557,"My Top 10 of 2015:
#ExMachina 
#Spotlight 
#StarWars
#TheDanishGirl 
#Room
#MadMaxFuryRoad 
#TheGift 
#Brooklyn 
#Carol 
#TheWalk 
@FOX2now"
558,Congrat #ArtiosAwards winners @EmpireFOX @GameOfThrones @transparent_tv @RoomTheMovie @ComptonMovie @thebigshort @CSAcasting @beverlyhilton
559,No room for #Room or #StarWarsForceAwakens at the #PGAAwards with nom list out today @producersguild #ToughChoices https://t.co/v4LvzlEmwd
560,Saying goodbye is bittersweet @DowntonAbbey http://t.co/8hNGFqP8q9 @PBSPressRoom @masterpiecepbs #DowntonAbbeyFinalSeason #TCA15
561,RT @PBSPressRoom: Check out photos from @AnnieLennox's incredible #TCA15 performance here: http://t.co/4Rb3ElvEek @GPerfPBS http://t.co/dS6‚Ä¶
562,"Russ' 2-min radio movie reviews: ‚ÄúOur Brand is Crisis,‚Äù ‚ÄúTruth,‚Äù ‚ÄúThe Keeping Room‚Äù https://t.co/59OSRZBlov @kkfi #kkfi"
563,Russ and Shawn take on the Biblical and the profane in this week's Fox 4 Screening Room. http://t.co/tKbkY1Am40 via @fox4kc #fox4kc
564,"Turtles, tornadoes and tragic troubles (locally made doc RICH HILL) in the Fox 4 Screening Room. http://t.co/ugs7Lqfsaa via @fox4kc #fox4kc"
565,"Turtles, tornadoes and tragic troubles (locally-made doc RICH HILL) in the Fox 4 Screening Room. http://t.co/ugs7Lqfsaa via @fox4kc"
566,Is TRANSFORMERS transformative? OBVIOUS CHILD too obvious? Fox 4 Screening Room reviews! http://t.co/coWZOMzQsg via @fox4kc #fox4kc
567,Screening Room Movies at Home: Summer DVD Preview http://t.co/v3hgQlKUVP via @fox4kc
568,Is THE AMAZING SPIDER-MAN 2 really amazing? Check out our Fox 4 Screening Room review! http://t.co/MByefUCJ3x  via @fox4kc #fox4kc
569,Is THE AMAZING SPIDER-MAN 2 really amazing? Check out our Fox 4 Screening Room review! http://t.co/MByefUCJ3x via @fox4kc
570,"Screening Room: ""Transcendence,"" ""Heaven is for Real,"" ""A Haunted House 2"" http://t.co/suMGVGpAii via @fox4kc"
571,"Kevin Costner in a sports movie? Don't forget OCULUS and RIO 2! Fox 4 Screening Room reviews"" http://t.co/8odwZZzDvF #fox4kc #draftdaymovie"
572,Kevin Costner in a sports movie? Who knew? Don't forget OCULUS and RIO 2! Fox 4 Screening Room reviews! http://t.co/8odwZZzDvF via @fox4kc
573,DIVERGENT diverges from books? BUDAPEST HOTEL worth the stay? Check our Fox 4 Screening Room reviews! http://t.co/1rrP9moIdp @fox4kc #fox4kc
574,DIVERGENT diverges from books? BUDAPEST HOTEL worth the stay? Check our Fox 4 Screening Room reviews! #fox4kc @fox4kc
575,DIVERGENT diverges from books? BUDAPEST HOTEL worth the stay? Check our Fox 4 Screening Room reviews! http://t.co/1rrP9moIdp via @fox4kc
576,RT @fox4kc: Breaking down @MarlonWayans best movies in the Screening Room on @fox4kc at 8:25AM! #MarlonWayons  http://t.co/k9tETo40rx ^SE
577,Marlon Wayans invades the Screening Room LIVE on Fox 4 during the 8am broadcast Friday morning!! Scary! https://t.co/pCG5iikhG8
578,"Screening Room: ""Robocop,"" ""About Last Night,"" ""Winter's Tale"" http://t.co/1nfqmwDS4t via @fox4kc"
579,Anything new on home video worth your time and dime? Here are this week's Screening Room DVD reviews. http://t.co/SiSQH99lUn via @fox4kc
580,Who wins in the battle of MONUMENTS MEN vs. LEGOS? Fox 4 Screening Room reviews! http://t.co/Rvmgq9zg0i via @fox4kc #fox4kc
581,Is THAT AWKWARD MOMENT really awkward? Is LABOR DAY labored? Check our Fox 4 Screening Room reviews! http://t.co/anRpMp0bcY via @fox4kc
582,Has Ralph Fiennes come up with a Dickens of a movie? Check out my Fox 4 Screening Room review. http://t.co/TOond3rl0b via @fox4kc
583,"Friday night at the Blue Room! Great music from the New Red Onion Jazz Babies. If you haven't heard them, go! http://t.co/3qeFsKMESh"
584,Screening Room: Russ Simmons' Best Movies of 2013! (Worst list is in the text.) http://t.co/L8ex7531h3 via @fox4kc
585,Is THE HOBBIT 2 bringing precious gold to the big screen? Check out our Fox 4 Screening Room reviews. http://t.co/dIlBy6StCZ via @fox4kc
586,"Screening Room Movies at Home: ""Despicable Me 2,"" ""Fast and Furious 6,"" ""The Hunt"" http://t.co/bOxjUmqcr4 via @fox4kc"
587,"Screening Room: ""Out of the Furnace"" http://t.co/OfH6w7AxTZ via @fox4kc"
588,Does THOR hammer it home? Is DIANA a royal hit? Check out our Fox 4 Screening Room movie reviews! http://t.co/G5agelhupL via @fox4kc
589,Anything worth a digital download or trip to the video store this Tuesday? Fox 4 Screening Room reviews!  http://t.co/ISe49pShsR via @fox4kc
590,MONSTERS UNIVERSITY DVD arrives on Tuesday in time for Halloween. Check our Fox 4 Screening Room reviews. http://t.co/hb7VYo5ugW via @fox4kc
591,"New on DVD: THE CONJURING, THE INTERNSHIP, THE WAY WAY BACK. Check out our Fox 4 Screening Room reviews. http://t.co/TSozrsF5YJ via @fox4kc"
592,Can Tom Hanks save the ship? Does MACHETE kill? Check out our Fox 4 Screening Room reviews! http://t.co/jX2yhOxALO via @fox4kc
593,Any worthy new DVDs coming out on Tuesday? Check out our Fox 4 Screening Room reviews. http://t.co/eldhORQAC7 via @fox4kc
594,"Does ""Gravity‚Äù pull its box office weight? check out our Fox 4 Screening Room reviews! http://t.co/eMMxPrY5Cj"
595,For the kids: THE CROODS. NOT for the kids: THIS IS THE END. Check out our Fox 4 Screening Room DVD reviews.  http://t.co/MC3s5PbvXm
596,Does RUSH deliver on its title? Other movies this week? Check out our Fox 4 Screening Room reviews! http://t.co/SDgCGXygHC
597,"Is ""Chapter 2"" as ""Insidious"" as the first? Is ""The Family"" worth visiting? Check our Fox 4 Screening Room reviews! http://t.co/BObKBHfUUz"
598,Does the new STAR TREK boldly go where it's gone before? Check out our Fox 4 Screening Room review. http://t.co/UlxXMPheVH
599,Is RIDDICK riddick-ulous? I break down Vin Diesel's sci-fi action flick in the Fox 4 Screening Room. http://t.co/VodUjy0PMP
600,Is NOW YOU SEE ME worth seeing? Check out our Fox 4 Screening Room DVD review. http://t.co/eMniSeo7bk
601,MORTAL INSTRUMENTS Earthbound? THE WORLD'S END apocyaliptic? YOU'RE NEXT a horror? Fox 4 Screening Room reviews! http://t.co/Hr09HDlS6w
602,Does THE BUTLER deliver? Does jOBS get the job done? Check out our Fox 4 Screening Room reviews. http://t.co/4Ndi2Fo9OL
603,Is PLANES plain? Is ELYSIUM heavenly? Check out our movie reviews in the Fox 4 Screening Room. http://t.co/U94zpoBe2v
604,"Denzel &amp; Whalberg 2 good? Will ""Smurfs 2"" make you blue? Check out our movie reviews in the Fox 4 Screening Room. http://t.co/gL57JgKCda"
605,Like Gozilla &amp; Transfomers? Think Adam Sandler is the bomb? Check out our Fox 4 Screening Room movie reviews!  http://t.co/RBZOEJXoOf
606,Can Johnny Depp save THE LONE RANGER? Is DESPICABLE ME 2 despicable? Check out our Fox 4 Screening Room reviews. http://t.co/Jc9P8fpbFn
607,Monsters (for kids) and zombies (for ?) in the Fox 4 Screening Room!!! http://t.co/XVzRXB8k86
608,Does the MAN OF STEEL have big screen mettle?  Check out our review in the Fox 4 Screening Room http://t.co/hAJa1a53ki
609,"Can ""Wedding Crashers"" magic strike twice? Check out our Fox 4 Screening Room movie reviews. http://t.co/Xi6U1Kz6JC"
610,What is the best movie trilogy available on DVD? Here are 3 possible contenders in the Fox 4 Screening Room.  http://t.co/W9QSsL9j9v
611,"Sequels, anyone? Check out our HANGOVER and FURIOUS reviews in the Fox 4 Screening Room. http://t.co/yYEToAzn0k"
612,"Arnold said, ""I'll be back."" Will ""The Last Stand"" be his last? Check out our Fox 4 Screening Room DVD review. http://t.co/UYz8FWLhCm"
613,Trekkers and non-Trekkers should boldly go to the cineplex this weekend! Here's our Fox 4 Screening Room review. http://t.co/QCyjDwh9n9
614,"WANTED to like ""Gatsby!"" Check out our divergent reviews in the Fox 4 Screening Room. http://t.co/mEovUjoxEM"
615,Does IRON MAN 3 deserve to crush the box office? Check out our Fox 4 Screening Room review. http://t.co/PO1ILAqs8s
616,"Does ""Pain &amp; Gain"" deliver more pain or gain? Check out our reviews in the Fox 4 Screening Room. http://t.co/YGk7VQggF2"
617,"Does the ""Evil Dead"" reboot rival the original? Check out our Fox 4 Screening Room reviews.... http://t.co/Gcm0qFjVX3"
618,"Screening Room: ‚ÄúJack the Giant Slayer,‚Äù ‚Äú21 and¬†Over‚Äù http://t.co/8uvSpFSXfP"
619,"Our Screening Room reviews:¬†‚ÄúSnitch‚Äù &amp; ""Bless Me, Ultima"" http://t.co/GKSXdGv6DF"
620,"RT @BelindaSifuent1: ‚ÄúArgo,‚Äù ‚ÄúAnna Karenina‚Äù in the DVD Screening¬†Room @RussSimmons1 @sedwardskc @43KIXKansasCity http://t.co/I11SAQU3"
621,"‚ÄúArgo,‚Äù ‚ÄúAnna Karenina‚Äù in the DVD Screening¬†Room http://t.co/52Vt6HAd"
622,Can Adam Sandler make a good movie? Check our DVD review on the Fox 4 Screening Room. http://t.co/LR0EnfGG
623,#jimrash #writersroom just saw the premiere episode of The Writers Room and got to chat with Jim Rash
624,@RoomTheMovie wins the Toronto Audience Award.
625,Congratulations @brielarson on your #CriticsChoice win for @RoomTheMovie a movie in which this 37 yr old man cried tears.
626,@JacobTremblay has got the sweetest little voice &amp; face. You just want to hug him! @RoomTheMovie #CriticsChoice
627,RT @THR: #CriticsChoice: Jacob Tremblay wins Best Young Actor/Actress for @RoomTheMovie https://t.co/QxxAinBPid https://t.co/I5YZnjdS3Y
628,So many emotions when I saw @RoomTheMovie Congratulations @brielarson on your win! Well deserved! #GoldenGlobes
629,RT @YahooMovies: Brie Larson wins Best Actress in a Motion Picture - Drama for #Room! #GoldenGlobes https://t.co/lOkbaHeN6Z
630,"Just saw @RoomTheMovie Tragic, harrowing, triumphant, innocent, rewarding. @brielarson &amp; Jacob Tremblay are INCREDIBLE!"
631,@RoomTheMovie has received the Critics' Choice Seal of Distinction from the Broadcast Film Critics' Association #criticschoice
632,So far Ryan Seacrest has confused Ryan Gosling w/Ryan Reynolds and Giuliana confused Room w/The Room. Big diff both. https://t.co/07BPkbjKZF
633,RT @NYTmag: ‚ÄòJust Get Us in The Room‚Äô: some of our favorite quotations from the women of Hollywood https://t.co/GnkVBwX7dH https://t.co/0XS‚Ä¶
634,Excited to see @RiffTrax showing of @TheRoomMovie tonight! Who wants to play alleyway football after the show? http://t.co/jEDZfQohDz
635,"RT @DirectorsCutRS: Did you hear our interview with #TommyWiseau talking about #TheRoom and @RiffTrax? If not, or if you... http://t.co/IMx‚Ä¶"
636,"Need a reason to tune in this week? We have Tommy Wiseau, Director of The Room!!! The guys from RiffTrax hooked... http://t.co/WZ4SNsGcQW"
637,"Just spoke to Tommy Wiseau Director of The Room. For this week's episode of Directors Cut Radio! Oh my god, my... http://t.co/7Gyy4aPT5X"
638,"So Larson and Segel are nominated but ""Room"" and ""End of the Tour"" are NOT up for Independent Spirit Awards Best Picture category. #Snubs"
639,"""Hungering"" for this week's ""Buttery Popcorn Report""? We Talk ""HG:M2"", ""The Night Before"", ""Room"" and ""Spotlight"": https://t.co/fvNCJEdGo1"
640,"It's ""The Night Before"" my @Fly923 segment at 7:10. We've got ""Room"" to ""Spotlight"" J-Law's ""Mockingjay Pt. 2"". https://t.co/Wumi97Gtlh"
641,"""Room"" is an incredible achievement. My Review: http://t.co/DxulXHGaiM  @RoomTheMovie http://t.co/BYr6WSAyEg"
642,The best Supporting Actor performance of the year so far belongs to 8 year-old Jacob Tremblay in #RoomMovie. See it. http://t.co/cTCq53q72q
643,"Just saw ""Room"" in an NYC Screening Room. Opens in select theaters Friday. Quite a movie."
644,@mattpaul123 glad you do. Babadook is amazing. And make sure you watch Room.
645,".@njmatt18 My favorite 2015 film was Room, but of the films nominated, I'd pick Spotlight, which still has a good shot. @TalkingPixOD"
646,"Ok, #goldenglobes, rewarding the #daddyissue #egodriven malarkey of #stevejobs over #Room isn't cute. @EDonoghueWriter wuz robbed!"
647,Two of my favorite 2015 films open today. Here are my reviews: #BeastsOfNoNation http://t.co/vRlKHxAWdC and #Room http://t.co/w4NW1CRMtj
648,The Allegory of 'Room' http://t.co/w4NW1CRMtj
649,"On the power and allegories of 'Room,' which is one of my favorite 2015 films. http://t.co/ahRo7EcFML #film via @WordAndFilm"
650,The timing of being home-bound with a bad flu and a permakitten only days after seeing #Room feels a little...unfortunate.
651,"#Room is the first 2015 movie that won't let go of me. 5 hours later, I still feel like I'm peering at the world through a dirty skylight."
652,#Room video review on Cinema Seen for @RogersTVDurham. https://t.co/rMsyVFBAWL
653,@BChristopo You might enjoy Room as well.
654,"#Room video interview with @brielarson, @EDonoghueWriter, and @lennyabrahamson on Cinema Seen for @RogersTVDurham. https://t.co/5lRkDCnhIA"
655,RT @GreenRoomMovie: Thrilled to share this! April 1st 2016 limited theatrical release / April 15th nationwide with @A24! http://t.co/de9fxg‚Ä¶
656,@A24 already has two of the best films of 2016. #TheWitch #GreenRoom
657,@mattrorabeck @JordanApps We should get a Room!
658,#FF @saulnier_jeremy He's the real deal! #GreenRoom #TIFF15
659,@tnyfrontrow Green Room.
660,@rachel_is_here Jacob Tremblay deserves awards consideration. #Room
661,"@ReelBramz @kristapley @filmfest_ca I believe Kris is referring to ""Anomalisa"" not ""Green Room""."
662,"Rooming with @mattrorabeck and @MichaelRenePics again. Party time, excellent! #TIFF40"
663,"@robtrench Gotcha! Movies like The Room, Troll 2, Silent Night, Deadly Night Part 2 and apparently Mortdeci attract ironic laughter."
664,The Nightmare &gt; Room 237
665,@cj_prin Green Room doesn't have US distribution either. *Out of competition.
666,RT @_carltheintern: My Best Movies on 2015 as heard on @MaxOnMovies pt1: 10 #Creed 9 #Room 8 @ShauntheSheep 7 #BeastsOfNoNation 6 #ExMachina
667,"https://t.co/GooUkSF8wy Interviews w/ David Koechner and Debra Granik, reviews of Spectre, Suffragette, Room, Vacation, and Inside Out."
668,"I'm too sheepish to see this film, so @_CarlTheIntern reviews  Room (yes, I'll see it soon) https://t.co/c5G8clMSth"
669,"Today on the movie show, reviews of Spectre, Suffragette, Room, Vacation, and Inside Out. Plus an Inside Out/Lava/Tomorrowland SpoilerCast."
670,"Yep, the director/mastermind of The Room wants to direct Fox's sequel to Fantastic Four.  https://t.co/DGbvOZR82h"
671,"http://t.co/GooUkSWJV8 Reviews of The Visit, Love and Mercy, Cinderella, plus @buffa82, Rebecca Ferguson, &amp; War Room's Alex Kendrick stop by"
672,Strange days indeed. @GladstoneHotel #ComeUpToMyRoom https://t.co/IGwTpNCWCU
673,What am I doing in Ferris Bueller's bedroom? Come to the @GladstoneHotel event #ComeUpToMyRoom and find out! https://t.co/plBgx2s1Z6
674,Waiting for my flight in the #LAX @AlaskaAir Board Room and @blueicevodkausa is setting-up to sample. I'm drooling.
675,"Thanks for the tastes in the @AlaskaAir Board Room, @BeechersSeattle &amp; Browne Family Vineyards."
676,Have a great time @bthorson15. You'll never forget seeing @RoomTheMovie. https://t.co/JhZIL53h6N
677,I give @brielarson @CupcakeRoyale #liveonkomo. She sings to @RoomTheMovie co-star @jacobtremblay01. @EW picks it up! https://t.co/pMmxEz1Zb7
678,First thing @brielarson did after I gave her @CupcakeRoyale? Recorded a video for her @RoomTheMovie co-star. https://t.co/okZSOUD5AT
679,Surprised @brielarson of @RoomTheMovie with belated birthday treats from @CupcakeRoyale today @komonews. http://t.co/K2TXwN5Dd1
680,"So cool! ""@EricJohnsonKOMO: At the White House in the Diplomatic Reception Room. Later, the President.#LiveOnKOMO http://t.co/cmI1qepyQh"""
681,RT @CriticsChoice: Congrats to Best Actress @brielarson! She really knows how to work a #Room. #CriticsChoice https://t.co/TAMBfLx86O
682,RT @patrickstoner: Are we happy @ShireenSandoval?  Leo &amp; The REVENANT. &amp; #Room got its honor. #GoldenGlobes
683,@patrickstoner I hope not. I want Room or Revenant üòë
684,"@readinggirl1984 @RottenTomatoes @Matchity 45 Yrs, Creed, and Room are spectacular and must see."
685,RT @CriticsChoice: Congrats to Best Actress @brielarson! She really knows how to work a #Room. #CriticsChoice https://t.co/TAMBfLx86O
686,RT @boxofficemojo: Labor Day Weekend #BoxOffice Actuals: 'War Room' $13.3m; 'Walk' $10.9m; 'Compton' $10.8m http://t.co/K4n633toba http://t‚Ä¶
687,RT @boxofficemojo: Labor Day Weekend #BoxOffice: 'War Room' $12.5m; 'Compton' $11.2m; 'Walk in the Woods' $10.5m http://t.co/K4n633toba htt‚Ä¶
688,RT @boxofficemojo: Friday #BoxOffice Estimates: 'Transporter' #1 with $2.4m; 'War Room' $2.3m; 'Compton' $2.2m http://t.co/qojH26bZAN http:‚Ä¶
689,"RT @boxofficemojo: Weekend #boxoffice: 'Compton' - $13.2 million; 'War Room' - $11 mil; 'M:I 5' - $8.3 mil - 
http://t.co/DCsrUmHz1d http:/‚Ä¶"
690,Sundance Review: Vicious 'Green Room' is frightfully good: https://t.co/2QHgDeHmZp @GreenRoomMovie #Sundance https://t.co/VasdJFsqW3
691,Standing room only inside the BOYHOOD crew watch party. Room will explode if Linklater or picture wins the Oscar. #AustinOscars
692,Taking Maze doggie to the Cavalier King Charles Spaniel meetup! @ZoomRoomAustin here we come.
693,Next year Jennifer Lawrence will get ANOTHER Golden Globe for ‚ÄúHFPA Press Room Mocking Day.‚Äù https://t.co/dIbr5RebfT https://t.co/dSkQWC7FqU
694,"#Room: Beautifully intense, surprisingly moving w/great Brie Larson. Stephen Rennicks‚Äô score is a wistful lullabye. http://t.co/RJ4lsVI2ny"
695,RT @Artforum: Film | @MelissEAnderson on Lenny Abrahamson‚Äôs ‚ÄúRoom‚Äù (2015) http://t.co/P9pTTnBDeJ http://t.co/wGVeLiamra
696,"What's going on here? Another strong movie at Telluride-- ""Room,"" with a remarkable performance by Brie Larson."
697,"Wonderful words with @GuyMaddin and Evan Johnson about ""Seances"" and ""The Forbidden Room."" https://t.co/0JN9nLsSME"
698,"Enter ""The Forbidden Room"" or else.
https://t.co/MbzawA1Ts1"
699,RT @TomiLaffly: Convinced someone who hasn't seen/was skeptical about Room to watch it. He LOVED it. Introducing ppl to films I love is SUC‚Ä¶
700,"@PaulSorrells13 Definitely see Carol and Room, because they're excellent. And TFA is good, too. And H8 is, well, interesting at any rate."
701,"RT @MarkHarrisNYC: The degree to which Room is traumatizing is being either wildly overstated or wildly overimagined. It's tense, suspensef‚Ä¶"
702,"RT @DallesandroJoe: Holly Woodlawn was in Room 306 when I arrived to see her today. At 3:06pm LA time, she passed away. https://t.co/docl33‚Ä¶"
703,Who actually watches these YouTube videos of other people watching movie trailers? Are they in prison? On life-support? In 'Room'?
704,Mother and child union: Inside the excellent 'Room' http://t.co/vwvzBuxMoX #RoomMovie
705,"First the Subway Inn to close, now the Polish Tea Room? New York, you're breaking my heart. Again. http://t.co/dZ9Xqimx1W"
706,One 'Shining' movie mystery  'Room 237' never addressed: What parent sits down with their six-year-old to watch 'Summer of '42'?
707,RT @A24: Preparing for the performance of a lifetime: #RoomMovie actress @brielarson talks to @TimeOutNewYork https://t.co/hYsSxyRpST
708,RT @tyburr: Thanks Maggie Gyllenhaal for making Room sound as dreadful as everyone who hasn't seen it thinks it is.
709,@alanhait @LaurasMiscMovie @ross_rlz @WeRecycleMovies @USC Vincent Price told me Shamroy had trouble with the White House's Blue Room (1)
710,W/@DrHarrietFields at @TheAstorRoom after screening of SO'S YOUR OLD MAN (1926) w/her grandpa W.C. @MovingImageNYC https://t.co/uyzdlM8oFx
711,"RT @sarafstewart: 'Forbidden Room' like watching a dozen totally demented movies at once ‚Äî and that‚Äôs a good thing, says @LouLumenick http:‚Ä¶"
712,"'Forbidden Room' like watching a dozen totally demented movies at once ‚Äî and that‚Äôs a good thing, says @LouLumenick http://t.co/U8AfZFKymD"
713,"""Anomalisa"" gets a nod for animated film, ""Room"" tapped for screenplay and best song race includes Sam Smith and Brian Wilson #goldenglobes"
714,Brie Larson proves a popular choice as Best Actress for Room. No argument here.
715,"RT @maassp: Wow, the doc #ThisIsACoup is amazing, a cross between War Room and The Square. River of kudos to @fieldofvision. https://t.co/g‚Ä¶"
716,"RT @jfdulac: POTUS and FLOTUS dance as Earth, Wind &amp; Fire performs in the East Room on Feb. 22, 2009. (Photo by @petesouza) https://t.co/Gr‚Ä¶"
717,"RT @SlateCultFest: New episode with guest host @Wesley_Morris! On The People v. O.J. Simpson, @RoomTheMovie, and @rihanna‚Äôs #ANTI: https://‚Ä¶"
718,RT @Variety: 'Room': Creating a whole world in a 10-foot space https://t.co/fNlDM3N6Jp https://t.co/PTJ2ivNMK9
719,RT @SlateCultFest: .@magiciansbook endorses The Lost Room: https://t.co/PgHi5QhpbB
720,"In Room, Brie Larson &amp; Jacob Tremblay prove that two people in four walls can create a world worth surviving for. http://t.co/JczFHuibqT"
721,Home from back-to-back screenings of Room &amp; The Martian. That's a lot of consecutive hours of people surviving in impossible circumstances.
722,"Don't believe the hype about ""Room 237."" A major wank-off, like a trailer for a conspiracy theorists' convention: http://t.co/o4ksph0hBJ"
723,"Why does ""Bart Got a Room"" feel so disappointing? http://hollywoodandfine.com/reviews/?p=806"
724,"I'm down with Straight Outta Compton getting a Best Picture nom, especially if it keeps out Room and/or The Martian."
725,"Yeah, ""Room"" was pretty bad. https://t.co/yCRfgB9MT3"
726,"You can thank me later....I'm virtually the only critic to tell you that ""Room"" is terrible. http://t.co/etrcuiLe4H"
727,RT @DemionFilm: Alas! My first #NYFF Academy piece for @IWCriticwire on dream logic in The Forbidden Room &amp; Cemetery of Splendour http://t.‚Ä¶
728,RT @BoneyAbroad: Glad to see @JamesFrancoTV has joined the party! The Keeping Room is brilliant. My words http://t.co/V5j3nlJpKI https://t.‚Ä¶
729,"RT @SirPatStew: Last week my movie Green Room screened at #tiff. It is very, very scary. Nothing in it is more terrifying than the last 3 h‚Ä¶"
730,@Bloatfly @A24 @RoomTheMovie @brielarson @iamjaketremblay as a huge fan of ST12 I beg to differ. A familiar face can still reveal new sides.
731,RT @IWCriticwire: Give Bright Wall Dark Room (@BWDR) some money. You‚Äôll feel good about it. http://t.co/PNcALZKLfN
