,Spotlight
0,Gina Rodriguez Launches Social-Media Movement to Spotlight Latino Performers https://t.co/VMWY22BED9
1,Gina Rodriguez Launches Social-Media Movement to Spotlight Latino Performers https://t.co/SCKQlrwwX0 https://t.co/AGHDbTcdsb
2,"Why isn't Carol the film to beat? More noms. @VanityFair headine: ""The Gotham Awards Just Confirmed Spotlight as the Oscar Front-Runner"""
3,2016 SAG Awards Winners: 'Spotlight' and Diversity Come Out on Top https://t.co/1cA4arR9rf https://t.co/sxyaFnGSEz
4,The Revenant grabs surprise win as Best Drama and might change the Oscar chances of Spotlight if the Globes meant a damn thing. They don't.
5,"Should win Golden Globes: Spotlight, Big Short, Schumer, Saoirse Ronan, Damon,Fassbender, Paul Dano, Vikander, George Miller. Which won't?"
6,RT @ChazEbert: Read @sheilakathleen 's 3 1/2 star review of #Spotlight and 12 other new reviews: https://t.co/4OIGxR5Kvg https://t.co/5ZcaP‚Ä¶
7,RT @ChazEbert: #MeridithBrody gives good defense of conventional movies #Spotlight to #ManwhoKnewInfinity: http://t.co/6C1BoUdSQH http://t.‚Ä¶
8,RT @ChazEbert: Yes we can handle the truth 2 films about reporters uncovering scandals #Spotlight &amp; #Truth: http://t.co/7oInXPn3sA http://t‚Ä¶
9,RT @ChazEbert: @indiewire Awards Season Spotlight on #LIFEITSELF @EbertMovie with Steve James and @ChazEbert :http://t.co/rPUnR4BE9r http:/‚Ä¶
10,@indiewire Awards Season Spotlight on #LIFEITSELF @EbertMovie with Steve James and @ChazEbert :http://t.co/FmdYNcUwbH http://t.co/fzgiHEOTOC
11,"BEST PICTURE, Winner: ""Spotlight."""
12,"BEST SCREENPLAY, Winner: Josh Singer and Tom McCarthy, ""Spotlight."""
13,"RT @etalkCTV: 'Spotlight,' 'The Big Short,' 'Mad Max' bring home #CriticsChoice Awards - https://t.co/fNG8BRA8wU #etalk https://t.co/Tai3Z4‚Ä¶"
14,RT @sharonstone: What a great night presenting @CriticsChoice #BestPicture to @SpotlightMovie. Well Done.  #SharonStone https://t.co/vdb9Px‚Ä¶
15,"If our sources are to be trusted, @SpotlightMovie just took home Best Acting Ensemble! #CriticsChoice"
16,"#CriticsChoice Best Movie Score: @CarolMovie, @thehatefuleight, @RevenantMovie, @SicarioMovie, and @SpotlightMovie https://t.co/cMY4KxxB8T"
17,#CriticsChoice Best Editing: @thebigshort @madmaxmovie @MartianMovie @RevenantMovie @SpotlightMovie https://t.co/6NKIwPJW0J
18,Fest starts today! Here's the final part of the @TwitchFilm @sundancefest preview: Premieres/Spotlight/More https://t.co/W4ovkQRCJ6
19,6. Spotlight (Tom McCarthy) https://t.co/yAvNE00UJ8 #Top50of2015 https://t.co/FawbKLhlgq
20,"MarkRuffalo on Cardinal Law: ""He should be a prison cell and not in a palace at the Vatican."" #Spotlight gets real backstage #SAGawards"
21,#Spotlight #Brooklyn shine in limited opening. https://t.co/rZpl76Rp5F via @usatoday
22,RT @MarkRuffalo: This is excellent. Preservation of Integrity in Journalism: The Case for #SpotlightMovie: https://t.co/WYPOC2ovcL @awardsd‚Ä¶
23,RT @SAGawards: .@SpotlightMovie receives the SAG Award for Outstanding Cast in a Motion Picture! #sagawardsüé≠ https://t.co/y0wHSWyznD
24,@SatyaLoquacious Different tastes. Sicario is #7! The Big Short was awesome. Spotlight is great. Room and Carol are overrated IMHO.
25,"@iamPitman @RussTop3Ever I am a big fan of Spotlight, especially the performances. But it didn't make the cut. I felt like it lacked style."
26,"Mark Ruffalo in Spotlight is still #1 supporting performance. Also enjoyed: Vikander as Ava, Kristen Stewart in Clouds, Julie Walters in BK."
27,My review of Spotlight (dir. Tom McCarthy) is up here: https://t.co/HCmb4qf6ol
28,My review of Spotlight (dir. Tom McCarthy) is up here: http://t.co/ru8r2lXGiQ #Venezia72
29,"Tom McCarthy's Spotlight, about the Boston Globe's child abuse investigation, has a few journo clich√©s but it's watchable #Venezia72"
30,"The Guardian film show investigates Spotlight, Youth &amp; Dirty Grandpa. Pulitzer to the usual address, natch https://t.co/kQsf2KxX02"
31,RT @SamuelAAdams: A thought on Best Picture: Carol is too good for the Academy. Spotlight is just exactly the right amount of good.
32,RT @SamuelAAdams: Goodbye to Language last year; Spotlight this year. Guess the National of Society of Film Critics has its ‚Äúrelevance‚Äù bac‚Ä¶
33,"RT @JPFoster94: Liev Schreiber has the trickiest role AND gives the best performance in ""Spotlight,"" but I doubt he'll be nominated for any‚Ä¶"
34,Here's my review of this week's best new film: investigative journalism thriller Spotlight. https://t.co/QqQHsNhFeJ https://t.co/daF71FY5MV
35,"@NickyRR Well, one of those three can...! But if it's any of them (or Spotlight), reckon people will be chuffed."
36,"@E_Film_Blog Actually, Spotlight's a really good shout. It's around, it's great, it's accessible, and almost nobody's seen it yet."
37,"@fitbafan On the up-side, Spotlight is üòòüëå"
38,Thomas McCarthy shoos away the spirit of The Cobbler with masterful hack procedural Spotlight. My review: http://t.co/QqQHsNhFeJ #Venezia72
39,"Spotlight, x2, or They Fought the Law: Sorry, haters. Methodical, regretful, decidedly secular in its approach. Can live w/ the medium shots"
40,@jarrettem But they could've nominated him for Spotlight instead.
41,"2015's institution-shaming docudramas: Spotlight &gt; The Big Short &gt; Concussion &gt; Truth &gt; Trumbo (missed Freeheld, Stonewall, Suffragette)"
42,"@tylermager @lightscameraaus 45 Years, Carol, Spotlight..."
43,"@jasondashbailey This, but Ruffalo's nod for Infinitely Polar Bear over Spotlight."
44,"I liked Spotlight, but I would've *loved* it if the same thing happened to Rachel McAdams twenty minutes in as happened in Southpaw."
45,"I agree with @FITWR - give me Spotlight's deliberately unfussy direction over Truth's ""the world stopped to watch 60 Minutes"" grandstanding."
46,"Truth: setting aside Spotlight, a howler from the get-go. Assemble-the-team montages! Noble speechifying! Even felt a bit bad for Blanchett."
47,"Boss is taking my Spotlight recommendation under consideration, and now I'm fearing this journo-dork may lead her astray..."
48,People keep underselling how sexy Spotlight is.
49,"@mattzollerseitz This feels like the perfect prelude to Oscar season backlash...
""You hate Spotlight, just admit it.""
""It's FINE!!!!"""
50,Ranking all 26 films I saw at this year's Sundance Film Festival. (Hint: My #1 was part of the Spotlight section.) http://t.co/V3yaghY5SX
51,.@SpotlightMovie is indeed one of the year's best. Ensemble acting at its finest! Review: https://t.co/fqLwWqp4iq https://t.co/fmQJbPjqcE
52,RT @tohmovies: How Open Road CEO Tom Ortenberg Shepherded 'Spotlight' to Oscar Frontrunner https://t.co/l5CF4fI9A9 https://t.co/DoRrhqUpqw
53,"RT @IWCriticwire: Dallas critics go for Spotlight, and The Revenant finally picks up some awards love: https://t.co/1vcOGxxxfn https://t.co‚Ä¶"
54,RT @IWCriticwire: Did a Boston critics group ‚Äúsnub‚Äù hometown favorite Spotlight? https://t.co/6rEFXSn2yi https://t.co/nIMg0WWIzC
55,"@bhkoe @MarkRuffalo @SpotlightMovie I get it. I'm not opposed to this well-acted ensemble piece, I just find it rather conventional."
56,@bhkoe @MarkRuffalo @SpotlightMovie I just wish he'd stop running around so much.
57,"Nothing for Spotlight, then."
58,Liev Schreiber should have got it for Spotlight.
59,Doubt &gt; Spotlight.
60,2016 Sundance Film Fest Predictions: Jeremy Saulnier's Green Room - Blue Ruin was in the Spotlight section @A24 https://t.co/pWdexdmzxW
61,"Congrats! @evgeny_director @RoomTheMovie: Abrahamson's ""Room"" Steals ""Spotlight"" with People's Choice Award http://t.co/idTmlsUZ5Q"
62,"Sundance ‚Äô15: Bahrani, Slaboshpytskiy, Szifr√≥n &amp; Hansen-L√∏ve Fill Spotlight http://t.co/269jnLly72"
63,Sundance Prediction #77. This one is a longshot for a Spotlight section bid http://t.co/1j1pcJ5R6H
64,"@CasparSalmon Spotlight's the better film, and The Big Short is the one that's winning the Best Picture Oscar."
65,"@shaldore @kristapley I think Mad Max is the best of the nominees, yes. But Spotlight would have been a fine winner."
66,"SCREENWRITER OF THE YEAR: Tom McCarthy and Josh Singer, ""Spotlight"" #LondonCritics"
67,"BEST PICTURE 
The Big Short 
Bridge of Spies
Brooklyn
Carol
Mad Max: Fury Road
The Martian
The Revenant
Room
Spotlight

(if 10: Inside Out)"
68,"BEST DIRECTOR
McKay, The Big Short
Miller, Mad Max: Fury Road
Scott, The Martian
Inarritu, The Revenant
McCarthy, Spotlight"
69,"BEST ORIGINAL SCREENPLAY
Bridge of Spies
Ex Machina
Inside Out
Sicario
Spotlight"
70,"BEST FILM EDITING
The Big Short
Mad Max: Fury Road
The Martian
Sicario
Spotlight"
71,"BEST PICTURE (Drama)
Will win: Spotlight
Should win: Carol 
Should tie with Carol because oh my god why choose between them: 45 Years"
72,"BEST SCREENPLAY
Will win: The Big Short
Should win: Spotlight (but what a dull field)
Should *really* win: Ex Machina"
73,"@eggsbened Yes. Future dissertations will be written on ""What Happened Between 'The Cobbler' and 'Spotlight'""."
74,"@joereid @r0bwatson @kevinpokeeffe Yes, I keep thinking Spotlight is in a Departed kind of position."
75,@DanGreen1986 I guess. The exec committee probably had its hands full saving other things. Would've made a nice counterpoint to Spotlight.
76,"Best Film: Amy, Carol, 45 Years, Inside Out, Look of Silence, Mad Max: Fury Road, The Martian, The Revenant, Room, Spotlight. @londoncritics"
77,"It's been a rough week for Michael Keaton. No SAG nomination, no Globe nomination, and now he can't even win the Spotlight Award."
78,"RT @MarkHarrisNYC: My final entry for the 2015 Slate Movie Club--Mad Max, Spotlight, great screenwriting, and the worst last line ever. htt‚Ä¶"
79,RT @TheWrap: Boston Globe Opens ‚ÄòSpotlight‚Äô Journalism Fellowship https://t.co/EhGEZ49zD4 https://t.co/N5QsxfnWKm
80,Movies about journalism rarely dig into the process of reporting. Tom McCarthy's Spotlight is a thrilling exception: https://t.co/JJ0OuUAGmV
81,"@iaincredible If you want to see something good in theaters this weekend, check out Spotlight. Or (if you like gothic horror) Crimson Peak."
82,@andy_birdy Highly relevant. I was just now writing about his performance in Spotlight. He radiates such basic decency! &amp; is fluffy to boot!
83,"First ""Spotlight,"" now Sean Penn. A supposedly endangered profession, journalism is certainly making its presence felt."
84,"Inside Hollywood Part II: How they got the journalists in the excellent ""Spotlight"" to dress like real journalists. https://t.co/Sj9txeztkt"
85,"""Spotlight"" is top-drawer entertainment:relevant, dramatic, blessedly low-key. My review:
https://t.co/Do0O6QUwOn"
86,RT @MikeRezendes: Your chance to be a reporter for @GlobeSpotlight. https://t.co/KLK7JtL2sM
87,Go see Spotlight this weekend!
88,RT @EW: Our @ChrisNashawaty loved @SpotlightMovie. Here's why: https://t.co/8RIY9ojRwX https://t.co/a4F5aNF1QN
89,The winners are Josh Singer and Tom McCarthy for Spotlight
90,Spotlight #londoncritics
91,Michael Keaton - Spotlight; Mark Rylance - Bridge of Spies
92,Emma Donoghue - Room; Nick Hornby - Brooklyn; Phyllis Nagy - Carol; Josh Singer &amp; Tom McCarthy - Spotlight; Aaron Sorkin - Steve Jobs
93,"Actor of the Year, sponsored by Spotlight, is Joaquin Phoenix for The Master"
94,"Actress of the Year, sponsored by Spotlight, is Emanuelle Riva for Amour"
95,"Spotlight is excellent; has a sweaty, urgent S6 of The Wire quality (it's directed by Scott Templeton!) Nice full crowd @BAMcinematek."
96,RT @CultureKinetica: #BCAFilmFest Spotlight: @bfmiff founder @menelikshabazz talks Black British Cinema w/ @PPlasticHelmet's @_Ash_Clark - ‚Ä¶
97,RT @MovieMezzanine: This week's Spotlight on @Fandor has @_Ash_Clark looking at AN OVERSIMPLIFICATION OF HER BEAUTY and MEMPHIS: http://t.c‚Ä¶
98,My second 'Spotlight on @Fandor' column @MovieMezzanine is on Marlon Riggs and his classic essay film TONGUES UNTIED: http://t.co/V7LkGazuU1
99,"In the first of a new column @MovieMezzanine entitled 'Spotlight on @Fandor', I wrote about Marc Singer's DARK DAYS: http://t.co/V5a2TsgODk"
100,Spotlights on Canada on Film @1stweekendclub @REELCANADA @reelwestmag  https://t.co/RRF8Zx3cZm
101,"Mad Max left out of Best Film, Best Director #BAFTA 2016 nominations. Spotlight director Tom McCarthy doesn't make the Best Director cut."
102,"2016 #BAFTA nominees for Best Film:
The Big Short
Bridge of Spies
Carol
The Revenant
Spotlight"
103,My top ten films seen in 2015 include 1 Embrace Of The Serpent 2 Palio 3 Spotlight 4 Tangerine 5 Macbeth...:https://t.co/rK01l6O1ub
104,From avoiding lawsuits to casting pre-Birdman Michael Keaton. I spoke to the Spotlight team: https://t.co/5ATkdHQGl3 https://t.co/IfvtlWtf4u
105,"We spoke to writer-director Tom McCarthy about the excellent #Spotlight, which world-premiered in Venice yesterday: http://t.co/OvY2FGlLor"
106,Here's the original 2002 @globespotlight story and the follow-ups that inspired Tom McCarthy's excellent #Spotlight: http://t.co/xm8D7OQTKx
107,Just seen Boston Globe-Catholic church abuse drama #Spotlight in #Venice. Inspiring and handled with a proper seriousness. Brilliantly acted
108,Pertinent to see the first screening of Catholic Church abuse drama #Spotlight in Italy. The irony was not lost on the audience. #Venezia72
109,"Love a good investigative journalism film. Spotlight, starring Michael Keaton and Mark Ruffalo, looks just that: https://t.co/45M4b2uKa8"
110,"EXCLUSIVE: First look of Michael Keaton, Mark Ruffalo, Rachel McAdams as #BostonGlobe team in Spotlight: http://t.co/G49zXjYIqD @BostonGlobe"
111,"RT @sepinwall: Love the restraint of Spotlight. McCarthy knows the material's power, lets the characters be affected by it, but with minima‚Ä¶"
112,Spotlight. Wow. Wow. Wow.
113,"RT @intlifemag: ""Journalists in need of a reminder as to why they chose their career will love #Spotlight"" https://t.co/Z7Lwa7HaRL https://‚Ä¶"
114,"Saw Spotlight. Utterly loved it. Quiet, intelligent, engrossing with the courage not to go for the sentimental effect. so no oscars then!"
115,"RT @NewStatesman: Films like Spotlight imply absolution for their viewers ‚Äì but come up short, by @Ryan_Man2 https://t.co/uv0bRQjgJ7 https:‚Ä¶"
116,RT @srcorrespondent: ‚ÄòSpotlight‚Äô is One of the Year‚Äôs Best https://t.co/6bmi9DsJDN #Movies @leonardmaltin reports https://t.co/Oy0br49kMx
117,RT @srcorrespondent: ‚ÄòSpotlight‚Äô is One of the Year‚Äôs Best https://t.co/6bmi9DsJDN #Movies @leonardmaltin reports https://t.co/ECkMidxKah
118,"'Spotlight' is one of the best films of the year, terrific and a must-see. https://t.co/FPiAU1AsYS"
119,"RT @wittertainment: Mark's top 5:

1. Room
2. Rams (NEW)
3. The Assassin
4. Trumbo (NEW)
5. Spotlight"
120,"RT @CurzonVictoria: .@KermodeMovie film of the week ‚òÖ‚òÖ‚òÖ‚òÖ &gt; https://t.co/IIVsHKI8py 
See #Spotlight now on our screen https://t.co/nD4Ue1dgvP"
121,RT @ObsNewReview: Spotlight reviewed by @KermodeMovie ‚Äì exposing the sins of the fathers ‚òÖ‚òÖ‚òÖ‚òÖ https://t.co/3FGTFDt94U https://t.co/z7FlTlP6‚Ä¶
122,"RT @wittertainment: Your podcast: Youth, Capture the Flag, Spotlight, Mark Ruffalo &amp; at 66 minutes in Mark's review of Dirty Grandpa. https‚Ä¶"
123,"RT @wittertainment: This week @MarkRuffalo talks @SpotlightMovie with @simonmayo, @KermodeMovie reviews it plus @DirtyGrandpa, @13hours &amp; m‚Ä¶"
124,RT @SamuelAAdams: A thought on Best Picture: Carol is too good for the Academy. Spotlight is just exactly the right amount of good.
125,RT @SamuelAAdams: Goodbye to Language last year; Spotlight this year. Guess the National of Society of Film Critics has its ‚Äúrelevance‚Äù bac‚Ä¶
126,"RT @JPFoster94: Liev Schreiber has the trickiest role AND gives the best performance in ""Spotlight,"" but I doubt he'll be nominated for any‚Ä¶"
127,"RT @usatodaylife: Your 2016 Best Picture nominees:
The Martian
The Revenant
Room
Spotlight
The Big Short
Bridge of Spies
Brooklyn
Mad Max
#‚Ä¶"
128,"Spotlight's real MVP (and sole provider of comic relief): Gene Amoroso as Steve ""Omert√†"" Kurkjian. https://t.co/MV0AtoA9yt"
129,@tomsmovies I'd have used 'purlease' to differentiate sentiments. I'm in the Spotlight camp.
130,Best Picture nods ranked: Spotlight &gt; Room &gt; Brooklyn &gt; Bridge of Spies &gt; Fury Road &gt; The Big Short &gt; The Revenant &gt; The Martian. #OscarNoms
131,"Best Picture predictions: Big Short, Bridge of Spies, Brooklyn, Carol, Fury Road, Inside Out, The Martian, The Revenant, Spotlight."
132,@GregWetherall Also &gt; Spotlight.
133,Fighting the urge to do *jazz hands* every time I mention the film Spotlight.
134,Rewatching Spotlight.
135,"@DirRobSavage Saul, Club, Carol, Dinosaur, Assassin, Syrian, Spotlight, Room and Lobster."
136,Wonder if the old guard will go for it? Of course they ruddy will. All it missed was a spinning front page. #Spotlight
137,"Just like its fervent journos, Spotlight is clinical, hard-nosed and favours diligence above melodrama at all times. A class act."
138,FYC joints dropping like dominoes. Tonight it's the turn of Spotlight.
139,RT @LWLies: How do you tell the truth without fear or favour? @sopharsogood investigates: https://t.co/MmSReU99cX #Spotlight https://t.co/y‚Ä¶
140,"Hey Venice peeps, is Spotlight better than The Cobbler?"
141,RT @ChazEbert: Read @sheilakathleen 's 3 1/2 star review of #Spotlight and 12 other new reviews: https://t.co/4OIGxR5Kvg https://t.co/5ZcaP‚Ä¶
142,RT @ChazEbert: #MeridithBrody gives good defense of conventional movies #Spotlight to #ManwhoKnewInfinity: http://t.co/6C1BoUdSQH http://t.‚Ä¶
143,RT @ChazEbert: Yes we can handle the truth 2 films about reporters uncovering scandals #Spotlight &amp; #Truth: http://t.co/7oInXPn3sA http://t‚Ä¶
144,RT @ChazEbert: @indiewire Awards Season Spotlight on #LIFEITSELF @EbertMovie with Steve James and @ChazEbert :http://t.co/rPUnR4BE9r http:/‚Ä¶
145,@indiewire Awards Season Spotlight on #LIFEITSELF @EbertMovie with Steve James and @ChazEbert :http://t.co/FmdYNcUwbH http://t.co/fzgiHEOTOC
146,‚òÖ‚òÖ‚òÖ‚òÖ Oscar hopeful #Spotlight refocuses recent events as a modern-day tragedy https://t.co/fWP5ZZGazA #Oscars https://t.co/31iMuXLAXt
147,"Pick of the Week on @theartsdesk: Monet, Caryl Churchill, #Spotlight and Circa https://t.co/KIZfavO1MV https://t.co/kmuv96qEtw"
148,"@CasparSalmon Spotlight's the better film, and The Big Short is the one that's winning the Best Picture Oscar."
149,"@shaldore @kristapley I think Mad Max is the best of the nominees, yes. But Spotlight would have been a fine winner."
150,"SCREENWRITER OF THE YEAR: Tom McCarthy and Josh Singer, ""Spotlight"" #LondonCritics"
151,"BEST PICTURE 
The Big Short 
Bridge of Spies
Brooklyn
Carol
Mad Max: Fury Road
The Martian
The Revenant
Room
Spotlight

(if 10: Inside Out)"
152,"BEST DIRECTOR
McKay, The Big Short
Miller, Mad Max: Fury Road
Scott, The Martian
Inarritu, The Revenant
McCarthy, Spotlight"
153,"BEST ORIGINAL SCREENPLAY
Bridge of Spies
Ex Machina
Inside Out
Sicario
Spotlight"
154,"BEST FILM EDITING
The Big Short
Mad Max: Fury Road
The Martian
Sicario
Spotlight"
155,"BEST PICTURE (Drama)
Will win: Spotlight
Should win: Carol 
Should tie with Carol because oh my god why choose between them: 45 Years"
156,"BEST SCREENPLAY
Will win: The Big Short
Should win: Spotlight (but what a dull field)
Should *really* win: Ex Machina"
157,"@eggsbened Yes. Future dissertations will be written on ""What Happened Between 'The Cobbler' and 'Spotlight'""."
158,"@joereid @r0bwatson @kevinpokeeffe Yes, I keep thinking Spotlight is in a Departed kind of position."
159,@DanGreen1986 I guess. The exec committee probably had its hands full saving other things. Would've made a nice counterpoint to Spotlight.
160,"Best Film: Amy, Carol, 45 Years, Inside Out, Look of Silence, Mad Max: Fury Road, The Martian, The Revenant, Room, Spotlight. @londoncritics"
161,"It's been a rough week for Michael Keaton. No SAG nomination, no Globe nomination, and now he can't even win the Spotlight Award."
162,‚ÄòSpotlight‚Äô a true portrait of an investigation https://t.co/o6BtzrQ0dE via @sfchronicle  REVIEW PLUS VIDEO OF MOI.
163,@nathanielr whoa! No Spotlighters! No Stallone!
164,RT @dominicumile: Long @FilmComment examination of 'Spotlight' https://t.co/G5J38RjuWP
165,"Michael Sragow praises Tom McCarthy's @SpotlightMovie, which pops with intensity and journalistic integrity: https://t.co/Och9wsN5ez"
166,"'Skyfall,' 'Karenina,' 'Mirror' top Costume Designers Awards: Anne Hathaway feted with Guild's Lacoste Spotlight Award http://t.co/ERjJZykP"
167,Oscar hopefuls: Will e-vote angst give way to elation?: Spotlight turns from process to nominees on Thursday http://t.co/Zi7XCkVC
168,"Doha digs local pix: Film News: 
            Spotlight saved for homespun talent http://t.co/NjDXPTz5"
169,"After rewatching Spotlight, I am happy to upgrade it from adequate to very adequate"
170,Unpopular opinion: Joy &gt; The Hateful Eight &gt; The Revenant &gt; Spotlight
171,"The only award that Brooklyn &amp; Spotlight should be battling it out for is ""most totally adequate film of the year"" https://t.co/qGy3RLXuQo"
172,"Oscar best pic nominees: The Big Short, Bridge of Spies, Brooklyn, Mad Max, The Martian, The Revenant, Room, Spotlight"
173,Spotlight cements its lead in the best picture race with new wins from critic groups in North Carolina and Oklahoma: https://t.co/oUCNqKWkUN
174,National Society of Film Critics have named Spotlight the best picture of 2015. Full winners list: https://t.co/9D5QZL22Ch #NSFC
175,Vancouver Film Critics name Spotlight the best picture of 2015. More in our updated Film Awards Scorecard: https://t.co/IQEJflDEOK
176,"Updated Film Awards Scorecard: Spotlight still leads the best pic race, but all acting contests are up for grabs: https://t.co/wJnkGsIHIb"
177,Spotlight named best pic by SF critics; Carol picked by Toronto critics. Full winners lists + more updates at https://t.co/IrEGVhfwxa #SFFCC
178,"#GoldenGlobes noms for best picture-drama: Carol, Mad Max: Fury Road, The Revenant, Room, Spotlight"
179,Wash DC critics have named Spotlight best picture. Full winners list + more updates in our Film Awards Scorecard: https://t.co/S0wHhRWXr7
180,2015 Film Awards Scorecard https://t.co/Vx3HEK1POH Carol &amp; Spotlight are tied for the VERY early Best Picture lead.
181,Spotlight has jumped out to a (very) early lead for Best Picture in our ongoing 2015 film awards scorecard: https://t.co/Vx3HEK1POH
182,"Spotlight [90] https://t.co/DUAKGIlnBe USA Today: ""No need to bury the lede: Spotlight is a masterpiece."""
183,Our guide to this weekend's new movies in theaters: https://t.co/MWt1jht2lG #Spectre #Spotlight #Brooklyn #Trumbo #TheHallow
184,"Spotlight [87] https://t.co/DUAKGIlnBe Playlist: ""Restrained, intelligent &amp; grown-up, but unfolding w/the pacing &amp; rhythm of a thriller."""
185,Some solid movie choices this weekend in theaters: https://t.co/7VWwRQFx4A #Spotlight #SPECTRE #Brooklyn #InJacksonHeights #TheHallow
186,"Spotlight [84] https://t.co/w7zZ0kYUY8 
Playlist: ""Restrained, intelligent and grown-up ... with the pacing and rhythm of a thriller."""
187,"Picture: Big Short, Bridge of Spies, Brooklyn (nice!), Mad Max Fury Road (wooooo), The Martian, Revenant, Room, Spotlight. #OscarNoms"
188,"Director: Big Short, Mad Max, Revenant, Room, Spotlight. Big surprises there! #OscarNoms"
189,"Original Screenplay: Bridge of Spies, Ex Machina, Inside Out (yay!), Spotlight, Straight Outta Compton #OscarNoms"
190,"Editing: Big Short, Mad Max, Revenant, Spotlight, Star Wars. #OscarNoms"
191,"I liked Spotlight with reservations. As a doc, this story would have been gripping. As narrative, it struggles with cliche. #tiff15"
192,"RT @caraNYT: Gotham best feature goes to ""Spotlight."" Last year's winner ""Birdman"" went on to Oscar best pic (tho their 2013 winner didn't ‚Ä¶"
193,"John Turturro gives the last award of the night, to Best Feature‚Ä¶. Spotlight. Bit of a surprise. #GothamAwards"
194,"Back to the #GothamAwards, CK Spotlight Award goes to Chanelle Aponte Pearson."
195,"RT @ZeitchikLAT: Jarring to see indie Web series like ¬†""Qraftfish"" and ""Shugs and Fats"" up there with the Spotlights and Carols of the worl‚Ä¶"
196,Matt Dillon giving Best Screenplay to: Tom McCarthy and Josh Singer for Spotlight. #GothamAwards
197,"‚ÄúDiary of a Teenage Girl,‚Äù ‚ÄúCarol‚Äù and ‚ÄúSpotlight‚Äù top IFP Gotham Award noms. https://t.co/OlYPe8Kq3a https://t.co/4kE64T9X5B"
198,#SpotlightMovie Wins Big At Las Vegas Film Critics Awards ---&gt; https://t.co/wybamG4TS4 https://t.co/bhBsrxvRuT
199,WATCH: .@MichaelKeaton Deals With a Few Bad Apples in #SpotlightMovie ---&gt; https://t.co/jpVMtgNCcg https://t.co/0opMeGYvU0
200,Follow&amp;RT 4 chance 2 win a #SpotlightMovie Prize Pack! No Purc Req US18+ #Sweepstakes Rules: https://t.co/w3BmpLdxCW https://t.co/Uc2kTfX0g1
201,#SpotlightMovie is Certified Fresh at 96% with 74 reviews ---&gt; https://t.co/me6trwrcNJ    üçÖ #Tomatometer @SpotlightMovie
202,"Critics weigh in on #SPECTRE, #PeanutsMovie, #Spotlight, #BrooklynMovie, #Trumbo, #MissYouAlready and more ---&gt; https://t.co/TMC3YHVfXN"
203,#SpotlightMovie is Certified Fresh at 95% with 58 reviews ---&gt; https://t.co/huckClNeGL   üçÖ #Tomatometer @SpotlightMovie
204,#SpotlightMovie is Certified Fresh at 93% with 44 reviews ---&gt; https://t.co/GEoEufZKkH  üçÖ #Tomatometer @SpotlightMovie
205,#SpotlightMovie is Certified Fresh at 93% with 44 reviews ---&gt; https://t.co/uqzZBub4KM üçÖ #Tomatometer @SpotlightMovie
206,#SpotlightMovie is Certified Fresh at 93% ---&gt; https://t.co/X3eyVcBxth https://t.co/gT7ZaNXnie
207,"@ems_shore here: Brie Larson, Leo, Jen Jason Leigh, Stallone, I√±√°rritu (director)... Best Pic is a tough call though... probably Spotlight."
208,"So, Spotlight is a joy. Cool headed, expertly focused. A jigsaw puzzle that celebrates the thrill &amp; impact of proper journalism. Out 29/01"
209,Two minutes with... Spotlight star Michael Keaton https://t.co/FU9x5Bz8nU
210,'The church was corrupt to the core': meet the Oscar-nominated heroes of Spotlight https://t.co/7AneqfbKwb
211,Spotlight review: 'skin-prickling' http://t.co/oFSwVzwN2K
212,"Guaranteed lock win: Spotlight for Original Screenplay. Book it, bet on it, RT this on Oscar night."
213,"RT @latimes: ""Spotlight,"" ""Big Short"" and ""Revenant"" may be strongest contenders for best picture Oscar https://t.co/ruVaMIHFHt"
214,Spotlight wins film at #critics choice
215,Amy wins documentary: Spotlight original screenplay and The Big Short adapted   #CriticsChoice
216,"RT @latimesmovies: 'Spotlight,' 'Trainwreck,' 'Trumbo' receive WGA nominations https://t.co/P9Kdmeg5HC"
217,"National Society of Film Critics name ""Spotlight"" best of 2015"
218,"Josh Singer and Tom McCarthy win NSFC's screenplay honors for ""Spotlight."""
219,"RT @latimesmovies: 'The Big Short,' 'Brooklyn,' 'Spotlight' and other movie recommendations from our reviewers https://t.co/tDB5lkGPXt"
220,"RT @latimesmovies: 'The Big Short,' 'Brooklyn,' 'Spotlight' and other movie recommendations from our reviewers https://t.co/VUvZpbjK9j"
221,"RT @latimesmovies: 'Straight Outta Compton,' 'The Big Short,' 'Spotlight' among film cast SAG nominees https://t.co/e0npMWs3rm"
222,RT @latimesmovies: 'Spotlight' named best of 2015 by the Los Angeles Film Critics Assn. https://t.co/ijWHj0oTAF
223,"""Spotlight"" win best picture from LAFCA; earlier today it took top prize in Boston"
224,"Josh Singer and Tom McCarthy win screenplay honors for ""Spotlight"" at LAFCA awards. Charlie Kaufman runner up for Anamolisa"
225,"Michael Keaton named lead actor by NYFCC for ""Spotlight"""
226,"RT @latimes: Gotham Awards: ""Spotlight"" scores best feature, Paul Dano wins best actor https://t.co/so4B6OhArk"
227,"RT @EyeForFilm: The first of our full reports from #VeniceFilmFestival: Everest, Black Mass, Spotlight and The Danish Girl http://t.co/rpt8‚Ä¶"
228,Very disappointed by Spotlight; worthy but pedestrian and wholly uncinematic #Venice2015
229,Spotlight review ‚Äì exposing the sins of the fathers https://t.co/LqIT2fGFu7
230,"SAG awards 2016: Spotlight, Straight Outta Compton and Leonardo DiCaprio up for awards ‚Äì¬†live! https://t.co/tchwzvig8I"
231,"The Guardian film show: Spotlight, Dirty Grandpa, 13 Hours and Youth - Audio Review https://t.co/wPoZwYyPEP"
232,"""A movie of clarity and force"" - Peter Bradshaw on Spotlight https://t.co/sD6a3KpEvq https://t.co/2GDJ9JbzWf"
233,Spotlight review ‚Äì Catholic church called to account over child abuse https://t.co/FYvgwTYJwK
234,"The Guardian film show: Spotlight, Dirty Grandpa, 13 Hours and Youth ‚Äì video reviews https://t.co/182QQIkywY"
235,Spotlight ‚Äì video review https://t.co/eC4KCaS3Ma
236,Spotlight stars and director Tom McCarthy: 'The Catholic church can't live this down' ‚Äì video interview https://t.co/pFkwKh196J
237,Mark Ruffalo on Spotlight: ‚ÄòThe whole of Boston was complicit. Everybody looked the other way‚Äô https://t.co/GGg5GPhciD
238,Bookies expect Spotlight to beat The Revenant to best picture Oscar https://t.co/D2sKOmjEo5
239,Spotlight: meet the reporters who told the story nobody wanted to hear https://t.co/a3jhlzUNXC
240,Spotlight named film of the year by San Francisco critics https://t.co/qfANpF1ThD
241,Spotlight film team launches investigative journalism fellowship https://t.co/X6duw5BxXE
242,Spotlight leads Oscars race with raft of critics' awards https://t.co/hBuwe9hCys
243,"Spotlight wins big at Gotham awards, but surprise victors in acting categories https://t.co/tqmctlHo58"
244,Spotlight review ‚Äì Catholic church child abuse film decently tells an awful story http://t.co/b9KZdrKy66 http://t.co/i4GOcmrB85
245,RT @picturehouses: Happy new film day! #Youth and #Spotlight are in cinemas now. https://t.co/SXZJOuk9UV
246,Well @MarkRuffalo your new film @SpotlightMovie is incredible. Massive congrats to one and all.
247,Here's my review of this week's best new film: investigative journalism thriller Spotlight. https://t.co/QqQHsNhFeJ https://t.co/daF71FY5MV
248,"@NickyRR Well, one of those three can...! But if it's any of them (or Spotlight), reckon people will be chuffed."
249,"@E_Film_Blog Actually, Spotlight's a really good shout. It's around, it's great, it's accessible, and almost nobody's seen it yet."
250,"@fitbafan On the up-side, Spotlight is üòòüëå"
251,Thomas McCarthy shoos away the spirit of The Cobbler with masterful hack procedural Spotlight. My review: http://t.co/QqQHsNhFeJ #Venezia72
252,"RT @SAGawards: Congrats, @SpotlightMovie! #sagawardsüé≠ https://t.co/lzU0o4MmtI"
253,.@SpotlightMovie wins the #SAGAward for Outstanding Cast in a Motion Picture! #sagawards https://t.co/DyXyZ40r7Q
254,"#Spotlight wins top #CriticsChoice prize, next stop #Oscar? https://t.co/04uKASVdbY https://t.co/5ypwLJj2bo"
255,The #CriticsChoice for Best Picture is ... @SpotlightMovie! üèÜ https://t.co/HOX0VFsfl4
256,"#TheMartian, #Spotlight, and #Sicario were among the #WGA Awards screenplay nominations: https://t.co/HEkVkF9anE https://t.co/tJxpiZk2Gj"
257,"#Oscar predictions: #MadMax to lead with 5 wins &amp; 10 noms, #Spotlight for Best Picture https://t.co/9dAQglraCX https://t.co/g2tZC2At4J"
258,#AwardsSpotlight: Michael Shannon sells '99 Homes' https://t.co/QMD1IrnW2y https://t.co/Qft5mvka7y
259,‚ÄòSpotlight‚Äô wins big with Boston Society of Film Critics: https://t.co/UzfxxYCcLq https://t.co/8FEB27VxrS
260,"'Carol,' 'Spotlight,' 'Beasts of No Nation' lead Spirit Awards Nominations https://t.co/pcmcZV83AO"
261,"Arthouse Audit: Oscar contenders ""Spotlight' and 'Brooklyn' rule https://t.co/RxbKxdCP6t"
262,#Spotlight opens strong in bid to break from pack of Oscar hopefuls https://t.co/G9RRK4ZWyX https://t.co/XY7CRLguqZ
263,"#TVSpotlight: Latest photos from ""The Walking Dead"" https://t.co/YwwTAQqZWo https://t.co/cXXV0KXzWe"
264,"Gotham Awards nominations boost #Oscar frontrunners 'Spotlight,' 'Carol' &amp; 'Room' https://t.co/p9mLSkYolj"
265,"Join us for a live Instagram Q&amp;A today at 4:30pm PT/7:30pm ET w/ @SpotlightMovie director, #TomMcCarthy! #IMDbAskTom http://t.co/RPn20QQlRy"
266,"#Oscar Predictions: After Fall Fests, ‚ÄòSpotlight,‚Äô ‚ÄòRoom‚Äô Soar http://t.co/Sn7IzOYImK http://t.co/Og6EumZGQ8"
267,'Spotlight' review and video featurette on @moviescope https://t.co/VheF9NDDtG https://t.co/6OzvGdEKpB
268,"WATCH: Red carpet w/ @MarkRuffalo, Stanley Tucci, Tom McCarthy &amp; the real 'Spotlight' team https://t.co/985NKfp2N4 https://t.co/ywGULbqnG9"
269,Spotlight: Poland's state of the art Alvernia Studios http://t.co/YM49jOhj8z @AlverniaStudios
270,Google Spotlight Stories debuts trailer for #OnIce virtual reality short https://t.co/V0px0u8mlw https://t.co/2UpvtZMxz1
271,"RT @Variety_DMcNary: ""It was the first time I wasn't done with casting before I started shooting"" - Tom McCarthy on ""Spotlight"" #DGAawards"
272,Google Spotlight Stories debuts trailer for #OnIce virtual reality short https://t.co/V0px0u8mlw https://t.co/SPlP6CGhN4
273,"RT @Variety_DMcNary: ""We had a lot of Marty Baron's emails, which were very helpful"" - Josh Singer on ""Spotlight"" #beyondwords"
274,"More on the ""Spotlight"" process at @WGAWest Beyond Words event https://t.co/ZapMgmFTwj"
275,"RT @Variety_DMcNary: ""The story really came together once we talked with survivors"" - Tom McCarthy on ""Spotlight"" #beyondwords https://t.co‚Ä¶"
276,#SAGAwards win puts spotlight on #SpotlightMovie https://t.co/2bOi3S87sn https://t.co/uAb7SUXXIs
277,"SAG winners, including @violadavis and the cast of @SpotlightMovie, recall first acting jobs https://t.co/6CKZzU0QBc https://t.co/Iaj2dFW6ve"
278,"SAG winners, including @violadavis and the cast of @SpotlightMovie, recall first acting jobs https://t.co/6CKZzU0QBc https://t.co/wN3WRPSiPH"
279,"#SAGAwards: Night of ""diverse TV‚Äô"" ends with ""Spotlight"" victory https://t.co/lYqbcbdKyI https://t.co/FpFCvbbWU5"
280,"#SAGAwards: ""Spotlight"" wins best ensemble in a film https://t.co/UKKTj8qpGE https://t.co/fAt7vPIr1M"
281,Goteborg‚Äôs Nordic Film Market Spotlights Scandi Newcomers https://t.co/DKN8XjhwVC
282,"""Spotlight"" producer @OpenRoadFilms teams with Crystal City for financing https://t.co/QJEEAcSutW"
283,.@OpenRoadFilms' Peter Lawson to depart following #Spotlight success https://t.co/kzcYpgNDl7
284,Berlin Film Festival: Forum Section Puts Spotlight on Arab Countries https://t.co/afFhfxmQiV
285,‚ÄòSpotlight‚Äô Wins Best Picture at Critics Choice Awards https://t.co/H9BSolAWRg https://t.co/bD0pf5ijSm
286,"RT @kristapley: ‚ÄòSpotlight‚Äô Wins Top Critics‚Äô Choice Prize, Next Stop Oscar? https://t.co/Mcb31vGco6 via @Variety https://t.co/VDIY5t9arJ"
287,‚ÄòSpotlight‚Äô Wins Best Picture at Critics Choice Awards https://t.co/H9BSolAWRg https://t.co/xhn5XffWPW
288,‚ÄòSpotlight‚Äô Wins Best Picture at Critics Choice Awards https://t.co/H9BSolAWRg
289,"""Spotlight"" wins original screenplay #CriticsChoice https://t.co/OMahcsashc"
290,"""Spotlight"" wins best acting ensemble #CriticsChoice https://t.co/OMahcsashc https://t.co/xgzgXvImiE"
291,"#OacarNoms: Best picture (continued)
‚ÄúThe Martian‚Äù
‚ÄúThe Revenant‚Äù
‚ÄúRoom‚Äù
‚ÄúSpotlight‚Äù
https://t.co/m3bX7oI1Ni https://t.co/REsUHg7Mu1"
292,RT @kristapley: Spotlight vs. The Revenant the likely best picture battle now. Spotlight came back strong. Six nominations.
293,"Best Picture
The Big Short
Bridge of Spies
Brooklyn
Mad Max: Fury Road
The Martian
The Revenant
Room
Spotlight 
#OscarNoms"
294,"Best Directing:
The Big Short
Mad Max: Fury Road
The Revenant
Room
Spotlight 
#OscarNoms"
295,"Original Screenplay:
Bridge of Spies
Ex Machina
Inside Out
Spotlight
Straight Outta Compton #OscarNoms"
296,RT @gkilday: Rachel McAdams doing honors introducing Spotlight's Tom McCarthy: I'm proud to be part of a film that literally gives voice to‚Ä¶
297,Santa Barbara Film Fest: 'Spotlight' Honorees Argue That Movies Can Make a Difference https://t.co/lRypz7GGOw https://t.co/CeNTutgzdu
298,"#SAGAwards: 'Spotlight' victory confirms we have an Oscar race, folks! https://t.co/I492FAHM0S https://t.co/nArH4pTm8e"
299,"#SAGAwards Analysis: 'Spotlight' Victory Confirms We Have an #Oscar Race, Folks!  https://t.co/vx4vVSQN5D https://t.co/dMfLEJVz0q"
300,#SAGAwards: Watch the cast of @SpotlightMovie accept Best Ensemble in a Motion Picture https://t.co/xYCCWASK6V https://t.co/o5FDSm5jHG
301,#SAGAwards: @SpotlightMovie wins Outstanding Performance by a Cast in a Motion Picture https://t.co/jhqor2546S https://t.co/yLX2yYpzi9
302,"RT @PamelaDayM: #SAGAwards box office: @SpotlightMovie, final top nominee, has grossed $35M to date."
303,"#SAGAwards: Which film will win Best Cast? Beasts of No Nation, Big Short, Spotlight, Straight Outta Compton, Trumbo https://t.co/lKqMhorQZN"
304,"Inside the making of 'Spotlight', up for Best Cast tonight at the #SAGAwards https://t.co/tEYRoa7sJq https://t.co/jtb86EYACL"
305,"#SAGAwards: 'Trumbo' and 'Beasts' surge, 'Spotlight' actors and Matt Damon left behind  https://t.co/kmfmYGuWl1 https://t.co/hL9dT2lGyg"
306,"RT @CloseUpWithTHR: Sunday: 11AM/10c on @SundanceTV for #CloseUpWithTHR w/ cinematographers of #Spotlight, #SteveJobs + #HatefulEight. http‚Ä¶"
307,Why 'Spotlight' eschewed scenes featuring reporters' personal lives https://t.co/hEtoue5mc4 https://t.co/Finxz3JnIv
308,".@NickJonas Spotlights Frat Hazing in 'Goat': ""People Get Carried Away"" https://t.co/OFRcXyJMhj #Sundance https://t.co/avbzGHMieA"
309,"#CriticsChoice: 'Spotlight' Holds Court, 'Mad Max' Claims Most Prizes (Analysis) https://t.co/7lJFpNBpMR https://t.co/vOwaa7E2iD"
310,#CriticsChoice: @SpotlightMovie wins Best Picture https://t.co/QxxAinBPid https://t.co/mTAi0B94FY
311,RT @chrissgardner: Screenplay awards go to @SpotlightMovie @thebigshort #CriticsChoice
312,"Washington Critics Awards for 2015: Spotlight, Mad Max, Inside Out: D.C. Film Critics Shine a ‚ÄòSpotlight‚Äô on A... https://t.co/8jDYRzqgxE"
313,"RT @WAFCA: 2015 WAFCA WINNER:
Best Acting Ensemble: Spotlight
#WAFCA2015 https://t.co/qtN8kNqrjK"
314,"Washington Critics Awards for 2015: Spotlight, Mad Max, Inside Out https://t.co/uSQu9AUTDC #WAFCA15"
315,RT @PerezHilton: #Spotlight wins Best Ensemble Cast at the #CriticsChoice Awards! https://t.co/XiatUZKOrM https://t.co/B5dcPsDpuk
316,"RT @CriticsChoice: If our sources are to be trusted, @SpotlightMovie just took home Best Acting Ensemble! #CriticsChoice"
317,Toronto gal #rachelmccadams picks up #CriticsChoice bling  for #SpotlightMovie
318,"#BytheSea #Heist and more -  I put 'em under the #Spotlight and give you the straight goods. 5,7 and 11 pm @channel12oshawa"
319,#Spotlight wins Outstanding Performance by a Cast in a Motion Picture! Got 4/5 predictions right tonightüòÑ just wanted Jacob Tremblay to win!
320,I predicted #Spotlight to win tonight
321,The individual SAG nomination for only Rachel McAdams and not the guys from #Spotlight doesn't surprise me. It's how I nominated!
322,About to see the movie that's in the Oscar buzz lead for Best Picture- #Spotlight. I'll let you guys know what I think after!
323,#CriticsChoice winner ACTING ENSEMBLE for film goes to #Spotlight https://t.co/tpiSpuiDv6
324,Congrats @SpotlightMovie  @PixarInsideOut  &amp; @MadMaxMovie director George Miller for earning NC Film Critics Awards https://t.co/9B4mGAkFri
325,And so. #Spotlight. And it was a good night &amp; good show. #criticschoice #newsworks https://t.co/Cb7ApplvaQ
326,Spotlight wins Best Acting Ensemble #criticschoice awards. Rachel McAdams. https://t.co/4HYjCx1loH
327,"To see if #TheRevenant can hold off #Spotlight for the Oscar, watch #CriticsVhoice Awards next Sunday night on A &amp; E. #whyy #GoldenGlobes"
328,"Well, well, the Globes got the director call right. Now, will they split the picture/director &amp; go with #Spotlight #GoldenGlobes"
329,RT @Variety: London Film Festival Turns Spotlight on Gender Equality http://t.co/8rzblCBD6Y
330,Reality of Awards Season and your personal opinions. MAD MAX won as many Globes as it deserved. (Zero) Spotlight deserved a LOT more (Zero)
331,@ErickWeber @SpotlightMovie See you at @CriticsChoice ?
332,"@ErickWeber Where is @SpotlightMovie, then?"
333,"@mcogdill Technically, MAX is amazing. I don't have an ounce of care for the story. So after a while, it exhausts. @SpotlightMovie also my 1"
334,"Wait, no one from @SpotlightMovie got a Globe acting nod today? LOLOLOLOLOLOLOLOLOLOLOLOLOLOLOL"
335,"This year's Best Supporting Actor category could be (nay, should be) five cast members from @SpotlightMovie. Who do you leave out?"
336,Awards Blend: @SpotlightMovie's Huge Weekend Makes It The One To Beat - CINEMABLEND https://t.co/YwtpIj3KS3 via @cinemablend
337,"@KevinMcCarthyTV Spotlight, Brooklyn, The Martian. Then, the rest jockey for position."
338,"Watching @MartianMovie with Michele. My third time. Spotlight is the year's best movie, but I'm telling you, this can win Best Picture."
339,@JoeyMagidson @SpotlightMovie Can't argue
340,"@MartianMovie to COMEDY is smart and strategic. Stays out of the way of @SpotlightMovie, and Fox's own REVENANT. https://t.co/Xh9dW89VIL"
341,YAY #Spotlight!!!! @SAGawards @sagaftraFOUND
342,"@actingjoe Depends on how u look at it! Loved Ex Machina, Inside Out, Mission 5, Spotlight, Room, Sicario, Love &amp; Mercy, Steve Jobs, etc!"
343,WATCH my #TIFF reviews for #TheMartian #TheDanishGirl #Spotlight &amp; #Truth HERE: http://t.co/FLyLJCGh6O http://t.co/qB1M13UBJY
344,@GCMcCannMovies Definitely for Blanchett! Spotlight is the better movie!
345,"REVIEW: #Spotlight is the better #TIFF journalism movie, but REDFORD &amp; especially BLANCHETT shine in riveting #TRUTH http://t.co/zryoloe4fe"
346,RT @briandarcyjames: @MovieMantz @SpotlightMovie Thanks Scott! Unforgettable night. What a thrill and how great to see you on the carpet be‚Ä¶
347,"@dongjoohwang @aliciamalone He's always Oscar-worthy, especially in @SpotlightMovie"
348,"SO PROUD of our friend @briandarcyjames, who gives a superb, game-changing performance in @SpotlightMovie ##TIFF http://t.co/8M6GucGQ4J"
349,"RT @SpotlightMovie: ""Brilliant! An epic masterpiece!"" See @SpotlightMovie when it hits select theaters November 6. #TIFF15 http://t.co/tVNP‚Ä¶"
350,WATCH my #TELLURIDE report for @accesshollywood w/ #SpotlightMovie #Room #Carol &amp; more HERE: http://t.co/3UfzoINxVm http://t.co/IRlVfSpIr2
351,"My #Telluride so far: @SpotlightMovie shines bright, @SteveJobsFilm is exhilarating, @CarolTheMovie is gorgeous, Cocksucker Blues sucked!"
352,"@FriarrTuck You're referring to State of Play! I liked that movie, Spotlight is better!"
353,WATCH my @SpotlightMovie #Telluride REVIEW w/ #MichaelKeaton #MarkRuffalo &amp; @briandarcyjames: http://t.co/0HDYudycnO http://t.co/RvFrStJ7zx
354,REVIEW: @SpotlightMovie is brilliant &amp; riveting! Best about journalism since All The President's Men! #Telluride http://t.co/uWpRahqG3q
355,EXCITED to be attending my 1st TELLURIDE FILM FEST! Can't wait to see #SteveJobs #BlackMass #Carol #Spotlight #Room &amp; MORE! #Telluride
356,Turner Classic Movies Partners With Women In Film To Spotlight Gender Inequality In Film Industry: http://t.co/d8QEm5AzZ4
357,RT @aliciamalone: Brand new episode of #AMCiIndieSpotlight is here with these fine gents: @superherohq &amp; @MovieMantz! #indiefilmsFTW http:/‚Ä¶
358,RT @Amirosie: my departure haha but hey I'll take it. Today's new #AMCiIndieSpotlight with @aliciamalone @MovieMantz &amp; @JimmytotheO http://‚Ä¶
359,RT @aliciamalone: AMC Independent family photo. New #AMCiIndieSpotlight episode is here with amirosie @moviemantz‚Ä¶ https://t.co/edrdeDqhao
360,CHEERS to @Amirosie &amp; @aliciamalone for keeping the indie movie spirit alive w/ #AMCiIndieSpotlight! WATCH it HERE: https://t.co/rUnYhNM3Qz
361,"Movie B.S. with Bayer and Snider, Episode 285: ‚ÄòSpotlight,‚Äô ‚ÄòThe 33,‚Äô ‚ÄòMy All-American,‚Äô ‚ÄòLove the Coopers‚Äô https://t.co/Lc84j6YFjR"
362,RT @CriticsChoice: #CriticsChoice Best Editing: @thebigshort @madmaxmovie @MartianMovie @RevenantMovie @SpotlightMovie https://t.co/6NKIwPJ‚Ä¶
363,D.C. Film Critics Shine a 'Spotlight' on Award Winners: https://t.co/sXtmwQdxpJ #WAFCA2015 #Oscars #GoldenGlobes
364,New Full Content Parental Review:  Spotlight (https://t.co/xKlITLp0vT) #SpotlightMovie **PLEASE SHARE THIS** https://t.co/veC2muGCHb
365,"OSCAR FILMING LOCATIONS
Visit ""Spotlight""
#MovieTripTV #Spotlight #Oscars https://t.co/sXkBvDCjnM"
366,"OSCAR FILMING LOCATIONS
Visit ""Spotlight""
#MovieTripTV #Spotlight #Oscars https://t.co/fjR56w1vhY"
367,"RT @MovieTripTV: We saw @SpotlightMovie &amp; loved Boston! They shot on location @fenwaypark, @BostonGlobe Offices, &amp; the Public Library https‚Ä¶"
368,"RT @AwardsDaily: Best Picture - The Big Short, Bridge of Spies, Brooklyn, Mad Max, The Martian, The Revenant, Room, Spotlight (only 8 nomin‚Ä¶"
369,"In which I take on Spectre, Brooklyn, Miss You Already and Spotlight. Pfew! https://t.co/cqGjIm1a4y"
370,Spotlight shines with love for great journalism and great acting. (Two of my favorite things!)  https://t.co/n7lM3uBr7W
371,"My Top 10 of 2015:
#ExMachina 
#Spotlight 
#StarWars
#TheDanishGirl 
#Room
#MadMaxFuryRoad 
#TheGift 
#Brooklyn 
#Carol 
#TheWalk 
@FOX2now"
372,Winners - 2015 St. Louis Film Critics Awards https://t.co/EzXp1YYwcw via @fox2now @Spotlight #Spotlight #LeonardoDiCaprio #BrieLarson
373,#Spotlight #Sicario #Carol #Trainwreck #Compton #Martian #Trumbo #BigShort #SteveJobs #BridgeofSpies amongst #WGA screenplay noms @WGAWest
374,"""Mockingjay 2"" for the birds? ""Spotlight"" in focus? ""Secret in Their Eyes"" unsightly? Popcorn Bag reviews! #fox4kc https://t.co/Oyh0kCIR9C"
375,"Best Spprtng Actor: Christian Bale, Tom Hardy (Revenant), Mark Ruffalo (Spotlight), Mark Rylance, Sylvester Stallone (CREED)"
376,I voted @MadMaxMovie but @SpotlightMovie was REALLY good! https://t.co/hQer7RyogR
377,Good to see @SpotlightMovie win Best Ensemble. Better than Rachel McAdams thanked the real journalists at the #bostonglobe #CriticsChoice
378,You were right @djcrofford @SpotlightMovie made it in my Top 5! https://t.co/uPNKqptael
379,"BTW: it's been 80 years since film won Best Picture without winning anything else at the #Oscars. (""Mutiny on the Bounty"", 1935). #Spotlight"
380,"Just putting this out there: ""Spotlight"" has a legit chance of ONLY winning Best Picture at the #Oscars. https://t.co/HfaFyB1j3Q"
381,"This time 2 weeks ago, ""Spotlight"" winning @SAGawards Ensemble was a lock. But ""The Big Short"" and ""Compton"" have been building momentum."
382,"""Carol"", ""Spotlight"", ""The Big Short"" got shut out. ""The Revenant"" is a surprising new frontrunner. #GoldenGlobes"
383,"#GoldenGlobes: ""Spotlight"" will win Drama, Director (Tom McCarthy) and Screenplay. ""Big Short"" will win Comedy. ""Inside Out"" for Animated."
384,"My #GoldenGlobes Picks: ""Spotlight"", ""Big Short"", McCarthy, DiCaprio, Larson, Bale, Lawrence, Stallone, Winslet, ""Inside Out"", ""See U Again"""
385,"""Hungering"" for this week's ""Buttery Popcorn Report""? We Talk ""HG:M2"", ""The Night Before"", ""Room"" and ""Spotlight"": https://t.co/fvNCJEdGo1"
386,"It's ""The Night Before"" my @Fly923 segment at 7:10. We've got ""Room"" to ""Spotlight"" J-Law's ""Mockingjay Pt. 2"". https://t.co/Wumi97Gtlh"
387,"#TBT with Brian d'Arcy James following performance as ""Shrek"" on Broadway '09. See him in #Spotlight this weekend. https://t.co/67ITuJE33X"
388,"A legit Best Picture contender? My ""Spotlight"" review: https://t.co/dM4vejkJEp https://t.co/7UtaXjVq5h"
389,"A top-notch cast headlines ""Spotlight"". My review: https://t.co/wCan3I3iiI https://t.co/nGc8RZEg6s"
390,"Heading to ""Saturday Night Sneak"" @FilmColumbia. Been predicting ""Spotlight"", which will be great. If it's ""Sisters"" there may be a riot."
391,"@FilmColumbia My guess is: ""Spotlight""! #FilmColumbiaSneakPeek"
392,".@njmatt18 My favorite 2015 film was Room, but of the films nominated, I'd pick Spotlight, which still has a good shot. @TalkingPixOD"
393,"@BilgeEbiri In terms of direct impact, it's neck and neck with Spotlight; what big guns!"
394,#Spotlight tackles the dark side of tribalism with a clarity rarely achieved anywhere. https://t.co/aK310FTk4x via @WordAndFilm
395,"My two cents on 'Spotlight,' my favorite journalism film since All the President's Men: https://t.co/aK310FTk4x via @WordAndFilm"
396,RT @DavidPoland: And @MichaelKeaton tells the story that Spotlight needs to be told in order to win Best Picture‚Ä¶ from the heart.
397,RT @TomiLaffly: Keaton isn't better in Spotlight than he is in Birdman. Keaton is great in both.
398,"RT @ThePlaylist: 'Carol,' 'Beasts Of No Nation,' &amp; 'Spotlight' Lead 2016 Film Independent Spirit Award Nominations https://t.co/SnbuzMNGgN"
399,#SpotlightMovie video review on Cinema Seen for @RogersTVDurham. https://t.co/8E7irlNCbD
400,"""Spotlight"" receives Critics' Choice Seal of Distinction from the Broadcast Film Critics Association #criticschoice"
401,@rachel_is_here Spotlight 2!
402,@filmfest_ca @normwilner In all seriousness Crimson Peak or Spotlight would be good choices to highlight Toronto's industry.
403,We may hear similar sentiment if Spotlight wins Best Picture at the Academy Awards. https://t.co/ZLH4QURVrB
404,Is accurately stating historical facts badmouthing? Nope. Here is my review of Spotlight: https://t.co/jqfUay5I5o https://t.co/hyEEnmbUq5
405,Agree. Here is my review of Spotlight: https://t.co/jqfUay5I5o https://t.co/ohHxw1Pg8a
406,Thanks. Here is my review of Spotlight: https://t.co/jqfUay5I5o https://t.co/LYdNyUDaZV
407,"I'm pulling for Ian McKellen, Kristen Stewart, Straight Outta Compton, Brooklyn, and Spotlight. https://t.co/gY9jIBSUvK"
408,"Tonight on @AETV at 7p CST, my critic's group the BFCA announces this year's @CriticsChoice awards! Let's go Brooklyn &amp; Spotlight!"
409,RT @_carltheintern: The 2015 Best Films as heard on @MaxOnMovies pt2: 5 #TheMartian 4 #CloudsofSilsMaria 3 #SpotlightMovie 2 #InsideOut 1 @‚Ä¶
410,"Catholic priest suspended for riding a hoverboard during mass...yet for decades...well, here's my 'Spotlight' review https://t.co/jqfUay5I5o"
411,RT @AwardsCircuit: St. Louis Film Critics Winners - 'Spotlight' is the Best and 'Fantastic Four' is the Worst - https://t.co/CKSlkp2aNN htt‚Ä¶
412,I like Spotlight - but I voted Inside Out  https://t.co/QBdV6IucmP
413,"Spotlight is great, but I voted Ridley Scott for The Martian  https://t.co/Qmx454AEKt"
414,"https://t.co/GooUkSF8wy Reviews of In the Heart of the Sea, Spotlight, He Named Me Malala, An Unfinished Life, and People, Places, Things."
415,Here is my review of Spotlight https://t.co/jqfUay5I5o
416,"Today on the movie show: your chance to win Trainwreck, plus passes to see Brooklyn, Spotlight, and the Hunger Games: Mockingjay Part 2."
417,RT @mavericksmovies: Open Road has really stepped up Spotlight campaigning with a newly focused narrative: https://t.co/RJFHfqXJEH
418,"The 2015 Best Original Screenplay is.... #Spotlight 

#KCFCC"
419,RT @cluedj: ‚Äò#Spotlight‚Äô Named Best #Film of 2015 by Boston Society of Film Critics: Pic also won‚Ä¶ https://t.co/D0lKgZyzYg
420,"Just announced: @UniversalPics announces 2/23 release of @SpotlightMovie on Digital HD, Blu-ray and DVD. See it before the #Oscars!"
421,"RT @CNNent: ""This is for every Flint, Michigan...this is for the powerless"" - Michael Keaton accepting #sagawards for ""Spotlight"" cast"
422,Today on #ShireensSpotlight the rustically chic #BurlockCoast @RitzCarlton #FortLauderdale https://t.co/mPM6Y475stüç¥ https://t.co/wbdSAusZS7
423,Tomorrow on #ShireensSpotlight the delicious #BurlockCoast inside @RitzCarlton #FortLauderdale @decodrive ‚ú®üç¥üç∑ #RC https://t.co/rhW9X754We
424,#tbt my fav place at @HardRockHolly #Kuro #ShireensSpotlight outfit by @korebuyer @decodrive https://t.co/SdRgNq0gGz
425,"RT @patrickstoner: Well, well, the Globes got the director call right. Now, will they split the picture/director &amp; go with #Spotlight #Gold‚Ä¶"
426,"It's a day early, but here's my last #Spotlight of the year.. w/ Oltremare @AmaraCayResort https://t.co/mPM6Y4oGR3 üç¥ https://t.co/7f2rd0iols"
427,A day early! Tomorrow on #ShireensSpotlight the amazing restaurant inside @AmaraCayResort #Oltremare @decodrive üòã https://t.co/INaPEU3Djh
428,"RT @JONeillMiami: thank you @shireensandoval @decodrive for sharing your experience! 
Shireen‚Äôs Spotlight: Barton G. The Restaurant https:/‚Ä¶"
429,Today on #ShireensSpotlight the wonderfully whimsical @Barton_G https://t.co/mPM6Y4oGR3 üç¥ @decodrive @wsvn #TGIF https://t.co/Xp7pqtZtyE
430,"Cool, creative and culinary perfection üç¥üçπ @Barton_G's new menu items tomorrow on #ShireensSpotlight @decodrive https://t.co/9jvqVGWGGx"
431,RT @SoBeLocalMiami: Shireen‚Äôs Spotlight: La Moderna Miami @LaModernaMiami @ShireenSandoval #MiamiBeach https://t.co/FRiqwpLHnJ
432,Later this week on #ShireensSpotlight the musings &amp; new menu items of @Barton_G @decodrive cheers! @lmartinez7 ‚ú® https://t.co/vg3jtimyTD
433,RT @aarill1: Check out Shireen‚Äôs Spotlight: @LaModernaMiami https://t.co/KbkpKeMg48 @shireensandoval #MiamiBeach #Italian #Restaurant #Craf‚Ä¶
434,RT @obrmarketing: Shireen‚Äôs Spotlight: La Moderna Miami @ShireenSandoval @LaModernaMiami #Innovative #Italian #Cuisine #Cocktails https://t‚Ä¶
435,Today on #ShireensSpotlight the warm &amp; fabulous @LaModernaMiami https://t.co/mPM6Y4oGR3 @decodrive @wsvn üç¥ https://t.co/LZ2i4xIRIm
436,RT @bigge3021: My @ItsJustMovies review of #Spotlight - https://t.co/mry5nvct0l @ShireenSandoval https://t.co/jr1QUYo4sI
437,The warm and fabulous @LaModernaMiami this Friday on #ShireensSpotlight cheers! @decodrive ‚ú®üç¥üç∑ https://t.co/vGZaqpA0NI
438,ICYMI - SAG Winners: 'Spotlight' Prevails with Idris Elba Making History as a Non-Oscar Nominee https://t.co/qgJbVRPNR6 #SAG #SAGAwards2016
439,SAG Winners: 'Spotlight' Prevails with Idris Elba Making History as a Non-Oscar Nominee - https://t.co/qgJbVRycsw https://t.co/vuxW0Ib4TS
440,Casts of 'Straight Outta Compton' and 'Spotlight' to Present at SAG Awards - https://t.co/pF7JoGRh7x https://t.co/AYphEYd7HI
441,"RT @MikeRezendes: Check out this terrific, unaurhorized poster for #SpotlightMovie. https://t.co/tGqFfVOLdN"
442,Fantastic Film! A front runner for Oscars RT @TIME: National Society of Film Critics names 'Spotlight' as best pic https://t.co/YOnIxK7gjB
443,RT @IGN: The Big Short upsets The Revenant &amp; Spotlight's shoo-in Oscar hopes with Producers Guild win https://t.co/KmsMMu5slE https://t.co/‚Ä¶
444,"RT @CriticsChoice: If our sources are to be trusted, @SpotlightMovie just took home Best Acting Ensemble! #CriticsChoice"
445,"@John_Kevinson Legend, Spotlight and The Martian are among the best movies out there right now. Spotlight is pretty heavy duty"
446,Talking #LoveTheCoopers and #SpotlightMovie ... please listen in! https://t.co/AVzPtDTeVE
447,AUDIO reviews of #SpotlightMovie #LoveTheCoopers w @radioTomBarnard on @KQRadio  Brought to you by @BBlaw (12:30 in) https://t.co/TEhHLbfXsV
448,Talking @ATXFilmCritics awards w/ @LightsCameraAus in today's @TWCNewsAustin #CinemaSpotlight https://t.co/HzCA3gViFK
449,"@joshbrunsting ...But neither of the Eastwoods have the low or high regard that ""Cobbler""/""Spotlight"" have."
450,Ben Bradlee Sr./Jr. don‚Äôt resemble each other or their actors-but Jason Robards/John Slattery? Dad &amp; son. #Spotlight https://t.co/lqwm9tpzJk
451,"Looking forward to moderating a #Spotlight Q&amp;A tonight; the movie‚Äôs a masterpiece, one of the best of the year. https://t.co/ye76VBzQe9"
452,"@ShredStationCT ""Spotlight"" has my vote."
453,"Strong filmmaking, smart performances in investigative-reporting saga Spotlight at #Telluride. Makes me proud to be a journalist."
454,"RT @maddiewhittle: Movie Takes

Carol üòç
Brooklyn ‚ò∫Ô∏è
Spotlight üòä
Joy üòíüòèüòÄ
Big Short üòé
Revenant üò¨üò¥
Hateful Eight üòÜüò≥üò∑"
455,"@Brian_Tallerico @RussellHFilm It's a weak-ass category this year, especially if the Spotlight/Big Short folks go supporting."
456,Usually not a good thing to hear back from people you've written about -- except when it's a class act like @MichaelKeaton. #Spotlight
457,"I saw it in theaters, and loved it. But have/will late screeners hurt 'Spotlight' with some awards groups? Probably."
458,"@scottrenshaw @Glenn__Kenny Am hoping that torn between good priest in ""Brooklyn,"" evil priests in ""Spotlight,"" Bill Donohue explodes."
459,"Want to know what a perfect, four-star movie looks like? Take a look at 'Spotlight' https://t.co/8NV6kwTJGq #SpotlightMovie"
460,"RT @NatSocFilmCrix: BEST SCREENPLAY: Josh Singer and Tom McCarthy, ""Spotlight"""
461,"RT @NatSocFilmCrix: BEST PICTURE: ""Spotlight"""
462,"RT @THR: .@AARP names @SpotlightMovie Best Picture, salutes Ridley Scott and David O. Russell https://t.co/bXXhOubeLs https://t.co/VB7KqWoC‚Ä¶"
463,RT @kristapley: ‚ÄòSpotlight‚Äô Named Best Film of 2015 by Boston Society of Film Critics https://t.co/kesVJ3yIju via @Variety https://t.co/Mwi‚Ä¶
464,"RT @SachaPfeiffer: Meet the infamous @SpotlightMovie khakis, courtesy of Rachel McAdams, who saved them &amp; sent me this keepsake photo! http‚Ä¶"
465,"RT @JonEForeman: Few movies get newsrooms right; acc to my former @nypost colleague, Spotlight is 1 that does
https://t.co/HD6Vi9e7FV https‚Ä¶"
466,"Movie swag du jour, courtesy of Fox Spotlight. https://t.co/IQMVh4Qa65"
467,"RT @bscritic: They made a movie about journalism at its best, #Spotlight, that may be the most journalistically done feature ever: https://‚Ä¶"
468,Saw @SpotlightMovie again Monday. Loved it even more than back in September! https://t.co/ZEU4jU25OM https://t.co/9U8IlHqEpG
469,RT @NeumaierMovies: Ben Bradlee Sr./Jr. don‚Äôt resemble each other or their actors-but Jason Robards/John Slattery? Dad &amp; son. #Spotlight ht‚Ä¶
470,"#NYFCC Michael Keaton on his ""Spotlight"" acting award: ""Thanks. Just thanks. That's it."""
471,"#NYFCC Director Tom McCarthy (""Spotlight"") present acting award to Michael Keaton by recalling his early appearance on ""Mister Rogers."""
472,"Liev Schreiber and John Slattery of ""Spotlight"" at #HIFF http://t.co/7DN7qe9S9p"
473,"Director Tom McCarthy of ""Spotlight"" at #HIFF http://t.co/VIy6VXY39X"
474,"Hamptons International Film Festival features 'Spotlight,' 'Carol,' more Oscar contenders: The Hamptons Intern... http://t.co/PICB75qy23"
475,The Revenant grabs surprise win as Best Drama and might change the Oscar chances of Spotlight if the Globes meant a damn thing. They don't.
476,"Should win Golden Globes: Spotlight, Big Short, Schumer, Saoirse Ronan, Damon,Fassbender, Paul Dano, Vikander, George Miller. Which won't?"
477,"RT @MarkHarrisNYC: My final entry for the 2015 Slate Movie Club--Mad Max, Spotlight, great screenwriting, and the worst last line ever. htt‚Ä¶"
478,RT @TheWrap: Boston Globe Opens ‚ÄòSpotlight‚Äô Journalism Fellowship https://t.co/EhGEZ49zD4 https://t.co/N5QsxfnWKm
479,Movies about journalism rarely dig into the process of reporting. Tom McCarthy's Spotlight is a thrilling exception: https://t.co/JJ0OuUAGmV
480,"@iaincredible If you want to see something good in theaters this weekend, check out Spotlight. Or (if you like gothic horror) Crimson Peak."
481,@andy_birdy Highly relevant. I was just now writing about his performance in Spotlight. He radiates such basic decency! &amp; is fluffy to boot!
482,Spotlight Oscar campaign shamelessly leveraging @jpodhoretz https://t.co/z2hN09o5FC
483,The Rachel McAdams Oscar nomination for Spotlight is a head-scratcher.  Also Keaton was better than Ruffalo.
484,RT @tohmovies: How Open Road CEO Tom Ortenberg Shepherded 'Spotlight' to Oscar Frontrunner https://t.co/l5CF4fI9A9 https://t.co/DoRrhqUpqw
485,"RT @IWCriticwire: Dallas critics go for Spotlight, and The Revenant finally picks up some awards love: https://t.co/1vcOGxxxfn https://t.co‚Ä¶"
486,RT @IWCriticwire: Did a Boston critics group ‚Äúsnub‚Äù hometown favorite Spotlight? https://t.co/6rEFXSn2yi https://t.co/nIMg0WWIzC
487,"@bhkoe @MarkRuffalo @SpotlightMovie I get it. I'm not opposed to this well-acted ensemble piece, I just find it rather conventional."
488,@bhkoe @MarkRuffalo @SpotlightMovie I just wish he'd stop running around so much.
